pid,ptime,mid,male,female,nul
1,2019/1/15 16:51,209,61,10,64
2,2019/1/23 2:43,241,60,54,21
3,2019/3/24 13:47,257,17,41,77
4,2019/1/11 12:05,239,26,9,100
5,2019/4/26 13:09,160,32,4,99
6,2018/12/12 22:23,161,11,56,68
7,2019/5/6 17:05,227,17,19,99
8,2019/1/8 19:32,385,69,41,25
9,2018/12/12 16:31,27,95,19,21
10,2018/12/20 15:43,297,77,8,50
11,2019/2/17 16:09,90,91,3,41
12,2019/3/18 15:51,236,72,13,50
13,2019/6/13 10:22,386,103,14,18
14,2019/2/9 23:01,362,102,17,16
15,2019/4/27 21:47,399,75,8,52
16,2019/5/4 13:53,185,78,10,47
17,2019/6/26 4:28,248,101,0,34
18,2019/3/5 11:31,83,103,25,7
19,2019/2/2 18:15,311,76,21,38
20,2018/12/23 12:55,56,104,29,2
21,2019/4/15 16:07,381,88,26,21
22,2019/1/5 15:32,180,72,15,48
23,2019/1/9 20:37,192,87,18,30
24,2019/5/18 3:41,189,98,23,14
25,2019/6/26 20:56,240,74,17,44
26,2019/1/27 12:33,288,92,16,27
27,2019/3/1 5:57,148,75,22,38
28,2019/4/9 1:40,282,100,8,27
29,2019/3/23 16:36,303,93,1,41
30,2018/12/28 7:14,273,83,23,29
31,2019/5/15 10:02,297,95,22,18
32,2019/4/27 1:33,32,82,16,37
33,2019/2/7 7:20,203,95,14,26
34,2019/5/9 11:17,218,71,11,53
35,2019/3/14 21:45,15,90,11,34
36,2018/12/24 13:30,315,71,27,37
37,2019/1/16 11:10,103,95,24,16
38,2019/1/17 4:20,362,71,16,48
39,2019/1/16 20:45,383,83,9,43
40,2019/6/19 1:07,255,93,23,19
41,2018/12/20 14:51,358,84,1,50
42,2019/2/18 5:02,241,89,25,21
43,2019/2/16 2:37,300,72,5,58
44,2019/4/23 10:00,301,91,8,36
45,2019/5/26 9:20,25,86,21,28
46,2019/6/25 18:27,100,97,21,17
47,2018/12/30 19:35,228,85,11,39
48,2019/6/6 18:08,256,83,9,43
49,2019/3/2 13:48,318,95,11,29
50,2019/2/26 20:57,1,78,19,38
51,2019/2/20 12:47,183,102,25,8
52,2019/4/20 1:27,13,105,2,28
53,2019/3/8 8:54,67,98,21,16
54,2019/1/12 15:21,15,97,11,27
55,2019/6/5 10:42,320,83,12,40
56,2019/3/2 4:36,302,88,19,28
57,2019/5/25 23:43,267,92,25,18
58,2019/2/9 23:53,80,77,14,44
59,2019/2/21 19:49,392,97,21,17
60,2019/6/4 4:05,84,100,30,5
61,2019/4/16 19:36,327,92,16,27
62,2019/2/15 4:12,124,74,8,53
63,2019/2/6 11:56,170,78,18,39
64,2019/1/20 3:30,55,90,7,38
65,2018/12/24 11:07,343,105,11,19
66,2019/2/13 22:08,363,96,6,33
67,2018/12/15 5:53,46,89,14,32
68,2019/3/10 1:57,22,105,1,29
69,2019/5/1 6:03,278,83,10,42
70,2019/6/8 20:14,137,91,9,35
71,2019/2/27 5:42,196,80,10,45
72,2018/12/27 0:03,26,102,27,6
73,2019/2/7 8:33,88,87,10,38
74,2019/1/21 1:21,196,72,24,39
75,2019/4/30 17:48,274,91,22,22
76,2019/5/12 11:09,95,83,16,36
77,2019/6/14 20:15,33,94,20,21
78,2019/3/3 22:38,258,81,10,44
79,2019/1/21 18:49,193,95,24,16
80,2019/1/10 5:00,44,77,24,34
81,2019/5/31 10:07,95,71,16,48
82,2019/3/8 10:39,303,91,10,34
83,2019/6/14 2:56,275,103,23,9
84,2019/3/8 14:33,248,77,8,50
85,2019/3/8 20:33,28,79,10,46
86,2019/1/2 9:45,233,72,22,41
87,2019/6/20 2:05,206,72,4,59
88,2019/2/28 19:04,265,100,1,34
89,2019/6/20 5:16,394,75,16,44
90,2019/3/6 15:38,233,92,18,25
91,2019/2/21 15:11,164,73,9,53
92,2018/12/18 23:13,157,99,20,16
93,2019/5/22 10:14,166,89,13,33
94,2018/12/20 7:34,239,84,17,34
95,2019/4/17 8:27,117,96,27,12
96,2019/5/16 11:34,155,75,9,51
97,2019/2/20 4:30,346,102,26,7
98,2018/12/21 17:26,51,72,5,58
99,2018/12/25 6:30,24,104,10,21
100,2019/2/11 13:26,207,82,24,29
101,2019/4/23 3:45,220,85,0,50
102,2019/2/9 4:49,67,101,3,31
103,2018/12/14 16:26,261,89,6,40
104,2019/6/19 1:50,279,93,29,13
105,2019/1/19 22:12,385,80,3,52
106,2018/12/24 13:30,58,71,9,55
107,2019/6/28 0:16,307,103,19,13
108,2018/12/18 18:57,395,94,6,35
109,2019/6/3 21:09,42,74,5,56
110,2019/5/18 14:35,223,70,11,54
111,2019/2/5 6:52,293,89,26,20
112,2019/1/26 11:42,249,88,20,27
113,2019/5/9 7:20,301,87,17,31
114,2019/1/25 3:19,295,84,10,41
115,2019/6/18 0:46,277,86,6,43
116,2019/6/24 6:09,71,82,5,48
117,2019/3/21 17:18,336,102,17,16
118,2019/4/26 4:35,187,94,17,24
119,2019/5/12 23:14,17,92,12,31
120,2019/1/3 7:59,218,95,21,19
121,2019/2/22 12:13,318,102,21,12
122,2019/6/26 8:31,173,102,13,20
123,2019/3/8 18:44,153,74,21,40
124,2019/3/24 15:43,109,98,2,35
125,2019/6/13 9:00,392,95,8,32
126,2019/6/25 18:11,332,76,21,38
127,2019/6/8 7:29,248,72,8,55
128,2019/1/9 20:56,30,95,30,10
129,2019/3/20 16:12,341,81,1,53
130,2019/1/23 2:32,136,105,28,2
131,2019/2/7 3:27,170,83,24,28
132,2019/2/10 14:15,58,101,28,6
133,2018/12/15 6:33,227,89,1,45
134,2019/4/28 18:40,45,93,10,32
135,2019/5/18 19:22,33,84,16,35
136,2019/6/22 19:28,20,102,28,5
137,2019/4/19 13:23,56,99,20,16
138,2019/5/31 7:24,294,103,2,30
139,2018/12/21 17:35,219,77,16,42
140,2019/2/12 18:38,277,89,7,39
141,2019/5/15 19:24,233,90,24,21
142,2018/12/18 1:39,275,83,13,39
143,2019/6/9 9:15,65,82,7,46
144,2019/4/4 18:43,48,71,8,56
145,2019/2/12 15:39,186,93,14,28
146,2019/5/15 2:28,136,92,24,19
147,2019/5/1 11:40,54,80,11,44
148,2018/12/30 0:28,244,95,10,30
149,2019/4/23 8:02,210,96,26,13
150,2019/3/14 16:24,360,77,9,49
151,2019/6/9 15:58,15,96,24,15
152,2019/3/1 2:26,237,79,8,48
153,2019/5/10 16:03,252,101,19,15
154,2019/1/28 15:10,370,104,14,17
155,2019/2/4 1:09,166,95,25,15
156,2018/12/26 4:13,1,81,14,40
157,2019/4/3 1:47,245,72,9,54
158,2019/1/31 21:03,60,89,21,25
159,2019/4/10 1:06,381,76,27,32
160,2019/6/1 1:40,158,84,22,29
161,2019/6/6 16:46,212,74,25,36
162,2019/6/16 9:50,188,103,21,11
163,2019/1/28 7:17,114,73,18,44
164,2019/5/27 13:34,159,102,6,27
165,2019/1/26 6:01,17,94,6,35
166,2019/4/14 7:15,48,85,9,41
167,2019/5/28 23:35,306,86,0,49
168,2019/1/25 4:14,395,81,20,34
169,2019/3/25 16:06,142,102,21,12
170,2019/2/16 9:23,377,86,10,39
171,2019/1/26 23:00,271,102,23,10
172,2019/3/8 6:48,216,94,25,16
173,2019/3/14 0:54,169,87,6,42
174,2019/5/19 12:21,57,82,15,38
175,2018/12/25 18:03,17,101,4,30
176,2019/4/6 15:37,174,96,18,21
177,2019/1/9 14:19,285,88,16,31
178,2019/3/10 23:59,331,90,17,28
179,2019/2/26 13:51,310,75,25,35
180,2018/12/28 4:17,353,102,0,33
181,2019/4/26 3:53,253,98,18,19
182,2019/3/13 19:14,389,72,16,47
183,2019/4/6 19:43,351,80,5,50
184,2019/4/12 22:23,142,102,3,30
185,2018/12/20 7:02,198,82,16,37
186,2019/2/24 10:58,218,86,14,35
187,2019/2/8 2:02,321,97,26,12
188,2019/4/6 16:00,188,93,14,28
189,2019/3/20 9:09,101,74,22,39
190,2019/5/20 5:33,324,77,9,49
191,2018/12/30 13:02,128,79,5,51
192,2019/6/28 15:28,111,94,20,21
193,2019/4/19 1:28,264,83,18,34
194,2019/2/20 22:00,334,73,8,54
195,2019/1/1 22:24,254,75,6,54
196,2018/12/26 15:57,264,70,3,62
197,2019/5/3 11:37,256,86,2,47
198,2019/5/28 8:17,14,89,8,38
199,2019/2/6 7:43,199,93,22,20
200,2019/2/28 8:56,345,85,8,42
201,2019/4/18 20:56,265,91,5,39
202,2019/4/4 9:39,213,76,11,48
203,2019/2/15 8:27,158,87,26,22
204,2018/12/20 22:08,92,76,28,31
205,2019/4/12 18:30,37,82,29,24
206,2019/5/1 19:28,15,103,3,29
207,2018/12/30 1:28,121,81,30,24
208,2019/4/12 1:03,221,80,10,45
209,2019/2/13 19:01,18,99,3,33
210,2019/1/18 5:17,49,103,24,8
211,2019/1/22 13:47,380,80,15,40
212,2019/5/17 15:51,188,77,5,53
213,2019/4/11 7:09,67,80,0,55
214,2019/2/27 23:59,252,88,5,42
215,2019/2/22 9:46,316,71,16,48
216,2019/1/12 12:26,219,85,2,48
217,2019/3/8 10:48,176,82,25,28
218,2019/1/30 15:59,307,80,20,35
219,2019/2/27 13:18,208,74,15,46
220,2019/3/28 5:59,140,95,16,24
221,2019/2/25 9:07,273,103,8,24
222,2018/12/30 19:36,266,73,27,35
223,2019/4/21 0:25,105,73,3,59
224,2019/1/8 2:19,149,92,25,18
225,2019/5/15 18:28,152,81,1,53
226,2019/3/11 15:46,247,82,11,42
227,2018/12/31 12:05,182,93,4,38
228,2019/2/3 23:35,226,76,6,53
229,2019/6/6 6:34,182,71,19,45
230,2019/4/23 1:42,358,74,20,41
231,2019/5/18 6:40,30,97,10,28
232,2019/6/12 1:49,161,100,18,17
233,2019/4/9 1:23,365,90,26,19
234,2019/3/6 15:25,155,87,2,46
235,2019/5/12 3:37,53,92,7,36
236,2019/2/16 22:26,222,73,7,55
237,2018/12/16 6:57,78,77,13,45
238,2019/5/6 1:41,25,103,2,30
239,2019/3/9 18:47,202,103,22,10
240,2019/5/24 13:32,336,99,19,17
241,2019/1/23 12:41,14,93,28,14
242,2019/4/4 3:59,234,104,17,14
243,2018/12/19 6:23,272,90,17,28
244,2019/2/2 21:03,347,88,25,22
245,2019/1/20 13:22,63,93,13,29
246,2019/5/19 4:30,389,73,5,57
247,2019/3/7 22:52,319,88,15,32
248,2019/1/23 6:07,231,97,28,10
249,2019/3/27 20:48,271,99,13,23
250,2019/5/14 13:51,194,83,2,50
251,2019/4/7 5:59,304,80,22,33
252,2018/12/16 1:31,227,78,29,28
253,2019/1/24 16:49,200,74,24,37
254,2019/3/25 14:48,77,73,19,43
255,2019/1/4 23:14,225,102,15,18
256,2018/12/19 20:57,391,77,20,38
257,2019/6/22 0:27,128,98,19,18
258,2019/5/20 11:39,99,100,15,20
259,2019/4/7 14:35,261,80,10,45
260,2019/3/2 16:32,351,98,16,21
261,2019/5/31 10:15,29,97,7,31
262,2019/2/11 9:23,68,77,17,41
263,2019/4/5 7:08,223,78,29,28
264,2019/4/10 23:19,237,95,19,21
265,2019/5/5 8:46,298,71,26,38
266,2018/12/13 4:21,3,77,20,38
267,2019/6/19 15:58,316,81,27,27
268,2019/1/4 1:49,46,81,19,35
269,2019/6/25 9:46,58,80,2,53
270,2019/4/4 14:15,185,96,16,23
271,2018/12/31 12:45,329,102,30,3
272,2019/5/16 5:44,247,79,1,55
273,2019/4/22 13:06,314,73,0,62
274,2019/1/22 20:54,362,96,4,35
275,2019/3/29 4:58,1,74,23,38
276,2018/12/25 14:43,376,88,12,35
277,2019/3/6 4:09,311,89,5,41
278,2019/1/13 23:04,252,84,11,40
279,2018/12/15 13:19,349,103,7,25
280,2019/1/31 17:03,383,103,16,16
281,2019/1/1 6:31,294,96,6,33
282,2019/1/28 1:30,232,89,21,25
283,2019/2/23 9:15,256,70,29,36
284,2019/1/24 1:49,211,103,19,13
285,2019/1/24 11:09,148,95,1,39
286,2019/3/7 1:50,10,89,23,23
287,2019/5/23 22:11,135,102,13,20
288,2019/1/21 15:41,145,101,8,26
289,2019/2/19 17:20,98,86,5,44
290,2019/3/26 12:25,339,93,12,30
291,2019/2/11 4:25,297,12,78,45
292,2019/6/20 2:50,219,14,65,56
293,2019/6/28 16:30,100,4,106,25
294,2019/6/17 2:33,155,19,77,39
295,2019/3/23 10:07,289,4,110,21
296,2019/6/12 1:12,337,16,92,27
297,2019/6/26 11:43,45,2,81,52
298,2019/2/11 12:53,358,18,111,6
299,2019/4/11 23:22,95,9,82,44
300,2019/4/11 14:20,33,13,90,32
301,2019/5/20 21:30,319,10,113,12
302,2019/2/13 9:11,177,14,76,45
303,2019/5/1 18:22,117,2,98,35
304,2019/2/21 4:59,37,20,85,30
305,2019/1/31 12:37,216,11,113,11
306,2019/4/25 16:36,47,14,72,49
307,2019/5/18 14:15,25,17,95,23
308,2019/1/9 18:27,305,12,89,34
309,2019/1/12 9:20,142,3,115,17
310,2019/1/29 7:58,192,7,90,38
311,2019/1/20 20:24,398,13,74,48
312,2019/6/17 21:49,192,5,94,36
313,2019/1/4 9:57,306,7,91,37
314,2019/1/20 16:32,246,1,67,67
315,2019/4/11 15:35,308,6,114,15
316,2019/5/8 19:02,12,19,104,12
317,2019/6/10 22:01,81,1,84,50
318,2019/5/23 22:10,257,6,80,49
319,2018/12/15 2:30,231,5,101,29
320,2019/4/12 14:34,218,1,78,56
321,2019/6/4 9:25,76,17,98,20
322,2019/1/25 19:41,312,15,79,41
323,2019/5/16 14:42,254,12,70,53
324,2019/6/19 21:00,386,14,72,49
325,2019/6/22 10:39,96,19,114,2
326,2018/12/31 19:28,43,10,79,46
327,2019/1/16 3:39,295,1,79,55
328,2018/12/26 9:36,61,18,106,11
329,2019/5/28 20:53,34,0,106,29
330,2019/1/25 11:31,329,3,67,65
331,2019/2/12 19:11,243,3,102,30
332,2019/1/23 16:22,370,19,114,2
333,2019/6/15 8:23,313,17,109,9
334,2019/1/20 2:36,151,13,115,7
335,2018/12/28 16:57,8,2,86,47
336,2019/3/18 13:56,58,13,85,37
337,2019/6/22 5:05,54,15,79,41
338,2019/1/28 17:28,324,20,98,17
339,2018/12/23 14:14,166,15,85,35
340,2019/1/24 0:28,243,14,113,8
341,2019/3/20 16:04,301,2,90,43
342,2019/3/3 1:26,381,12,106,17
343,2019/6/6 2:30,251,19,97,19
344,2019/6/22 18:59,222,13,75,47
345,2019/5/23 13:38,193,6,67,62
346,2019/2/16 7:32,393,10,74,51
347,2019/3/18 18:28,104,19,91,25
348,2019/6/26 22:13,265,4,86,45
349,2019/3/25 12:56,207,1,69,65
350,2019/3/28 10:15,156,15,69,51
351,2019/3/15 4:15,158,1,96,38
352,2019/1/1 11:46,201,1,79,55
353,2019/4/17 15:05,197,12,100,23
354,2019/2/21 16:24,339,3,109,23
355,2019/4/5 14:56,372,19,88,28
356,2019/2/21 0:49,324,16,74,45
357,2019/6/22 10:31,30,0,77,58
358,2019/5/14 2:08,75,17,110,8
359,2018/12/26 15:03,2,18,96,21
360,2019/4/11 16:54,366,6,71,58
361,2019/2/27 11:01,371,18,68,49
362,2019/4/9 7:12,61,0,95,40
363,2019/6/6 1:18,156,9,91,35
364,2018/12/28 20:58,192,4,84,47
365,2019/1/1 17:10,222,1,109,25
366,2019/4/16 9:56,104,7,111,17
367,2019/2/2 6:21,1,10,104,21
368,2019/5/7 10:15,284,9,89,37
369,2019/3/30 7:16,295,14,99,22
370,2018/12/30 5:06,210,12,83,40
371,2019/4/9 13:15,186,13,68,54
372,2019/3/28 2:47,266,2,104,29
373,2019/1/21 0:16,363,17,86,32
374,2019/4/29 11:59,172,12,108,15
375,2019/5/21 16:14,45,19,83,33
376,2019/5/23 7:40,341,11,111,13
377,2019/5/23 23:09,112,3,80,52
378,2019/3/17 4:20,214,6,89,40
379,2019/3/15 9:24,394,20,73,42
380,2018/12/13 3:18,273,6,108,21
381,2019/1/10 17:09,283,5,110,20
382,2019/2/28 7:53,158,6,77,52
383,2019/3/6 22:57,140,13,95,27
384,2019/3/7 7:25,360,18,93,24
385,2019/5/18 23:37,362,14,88,33
386,2019/3/22 5:40,84,15,91,29
387,2019/1/15 22:34,262,12,81,42
388,2019/6/25 18:15,209,0,95,40
389,2019/1/8 15:30,151,2,88,45
390,2019/1/29 22:51,13,19,100,16
391,2019/4/18 12:18,54,3,66,66
392,2019/2/2 18:52,10,4,113,18
393,2019/4/19 22:15,336,16,94,25
394,2019/3/14 8:15,102,10,110,15
395,2018/12/14 22:58,131,16,113,6
396,2019/3/12 2:07,140,15,70,50
397,2019/6/4 13:47,239,5,80,50
398,2019/3/24 13:30,365,9,100,26
399,2019/1/11 13:59,230,6,106,23
400,2019/1/27 10:09,303,2,101,32
401,2019/4/25 2:12,314,20,111,4
402,2019/3/21 3:07,66,4,113,18
403,2019/1/15 21:12,298,16,80,39
404,2019/2/24 12:34,224,15,103,17
405,2019/5/29 13:18,156,9,103,23
406,2018/12/30 23:20,44,2,96,37
407,2018/12/16 15:39,305,4,112,19
408,2019/6/27 1:36,86,4,99,32
409,2019/1/8 1:17,226,19,82,34
410,2019/3/17 11:56,306,17,85,33
411,2019/3/30 11:31,99,14,78,43
412,2019/3/22 13:50,329,1,104,30
413,2019/4/2 10:45,254,12,80,43
414,2019/3/8 5:29,245,4,110,21
415,2019/3/21 11:10,369,17,91,27
416,2019/3/12 18:12,296,17,110,8
417,2019/5/17 2:32,313,10,66,59
418,2019/5/27 5:30,216,11,97,27
419,2019/4/13 7:51,325,9,111,15
420,2019/2/20 13:14,354,19,106,10
421,2019/3/25 0:29,238,14,69,52
422,2019/2/19 6:32,200,2,95,38
423,2019/2/26 2:31,201,4,83,48
424,2018/12/29 23:39,43,1,104,30
425,2019/5/10 9:23,301,1,82,52
426,2019/4/22 6:51,339,14,87,34
427,2019/5/20 2:52,158,18,106,11
428,2018/12/26 5:20,165,17,110,8
429,2019/6/15 21:55,6,6,94,35
430,2019/3/17 19:22,240,12,78,45
431,2019/4/14 6:46,382,1,69,65
432,2019/5/25 22:13,90,17,85,33
433,2019/3/12 20:17,153,1,92,42
434,2019/4/30 5:31,104,12,66,57
435,2019/5/18 0:06,51,2,74,59
436,2019/2/6 22:01,361,19,96,20
437,2019/2/26 22:49,194,19,71,45
438,2019/4/17 16:58,49,19,114,2
439,2019/5/17 8:26,302,1,114,20
440,2019/1/27 14:40,23,19,88,28
441,2019/6/1 22:55,144,16,81,38
442,2019/5/16 6:17,329,16,74,45
443,2019/3/29 18:51,103,7,109,19
444,2019/2/1 10:03,32,19,114,2
445,2019/6/1 18:53,74,1,66,68
446,2019/2/26 0:35,107,20,104,11
447,2019/6/24 16:33,286,8,79,48
448,2019/4/19 21:28,51,10,78,47
449,2019/6/9 13:08,272,6,75,54
450,2019/3/24 13:13,371,14,89,32
451,2019/2/18 18:40,352,5,87,43
452,2019/6/10 8:09,140,3,68,64
453,2019/5/6 11:21,393,9,92,34
454,2019/1/12 13:45,249,1,95,39
455,2019/3/11 13:25,248,9,111,15
456,2019/3/5 22:46,232,4,102,29
457,2019/3/1 22:46,312,5,95,35
458,2019/4/30 18:51,312,5,109,21
459,2018/12/30 5:39,209,7,114,14
460,2018/12/25 16:10,251,5,75,55
461,2019/1/7 14:04,9,4,110,21
462,2018/12/21 9:29,151,4,75,56
463,2019/5/31 14:33,383,12,94,29
464,2019/5/18 2:41,205,10,104,21
465,2019/5/9 1:34,349,3,105,27
466,2018/12/19 0:16,237,2,105,28
467,2019/5/11 21:14,148,18,81,36
468,2019/1/20 15:53,105,7,79,49
469,2019/2/28 22:18,170,9,65,61
470,2019/1/16 15:10,166,9,66,60
471,2019/4/11 3:39,187,7,65,63
472,2019/6/11 2:37,177,18,94,23
473,2018/12/24 10:33,84,18,98,19
474,2019/6/4 23:53,115,0,97,38
475,2019/1/24 3:03,302,20,86,29
476,2019/1/10 9:13,373,13,106,16
477,2019/5/29 20:55,323,17,65,53
478,2019/3/9 9:29,292,8,77,50
479,2019/4/14 10:57,90,14,112,9
480,2019/2/2 0:25,301,17,108,10
481,2019/2/24 8:15,317,8,67,60
482,2019/3/5 11:52,350,5,77,53
483,2019/5/20 11:08,65,6,110,19
484,2018/12/12 7:21,168,13,71,51
485,2019/4/15 23:11,205,14,111,10
486,2018/12/17 11:42,75,11,100,24
487,2019/5/12 2:41,44,1,106,28
488,2019/3/12 18:01,18,5,86,44
489,2019/4/29 9:47,67,2,83,50
490,2019/2/9 22:29,254,20,85,30
491,2019/6/23 14:43,214,17,111,7
492,2019/5/4 8:11,285,12,94,29
493,2019/1/10 18:06,190,13,110,12
494,2019/6/1 0:21,53,13,106,16
495,2019/1/21 14:47,28,14,66,55
496,2019/1/21 9:15,203,18,109,8
497,2019/6/18 11:57,55,14,101,20
498,2018/12/28 0:19,322,1,114,20
499,2019/3/30 20:05,120,3,77,55
500,2019/6/14 12:05,309,13,89,33
501,2019/1/7 14:42,118,8,107,20
502,2019/5/29 19:17,167,18,110,7
503,2018/12/24 12:14,57,15,107,13
504,2019/4/2 22:21,192,15,100,20
505,2019/1/5 22:27,73,2,77,56
506,2019/2/9 11:16,203,9,93,33
507,2019/4/13 2:03,45,2,70,63
508,2019/3/27 17:49,203,13,81,41
509,2019/3/26 6:39,260,20,75,40
510,2019/1/3 23:51,331,10,88,37
511,2019/6/13 19:26,137,7,111,17
512,2019/4/25 17:39,23,3,72,60
513,2019/6/4 18:27,219,20,98,17
514,2019/1/8 3:08,266,11,82,42
515,2019/4/16 23:21,11,4,81,50
516,2018/12/23 23:09,103,14,105,16
517,2019/3/17 9:10,204,1,115,19
518,2019/2/19 20:04,6,18,106,11
519,2019/5/30 20:25,3,8,67,60
520,2019/1/20 15:01,222,20,111,4
521,2019/3/8 23:10,166,13,94,28
522,2019/2/3 13:57,70,1,108,26
523,2019/2/5 4:33,298,10,78,47
524,2019/3/9 7:22,256,4,85,46
525,2019/3/16 2:21,191,7,92,36
526,2019/1/27 2:05,361,5,98,32
527,2019/1/4 4:18,124,9,65,61
528,2019/6/16 16:39,366,3,83,49
529,2019/4/23 12:23,282,5,91,39
530,2019/2/6 6:36,252,3,90,42
531,2019/6/11 4:18,263,16,81,38
532,2019/1/13 9:06,279,2,79,54
533,2019/1/6 2:12,371,0,82,53
534,2019/6/4 4:20,220,19,90,26
535,2019/3/21 0:40,184,8,68,59
536,2019/3/12 3:02,241,7,76,52
537,2019/3/30 10:08,108,1,99,35
538,2019/2/1 14:57,386,12,105,18
539,2018/12/17 21:08,66,13,89,33
540,2019/6/14 4:22,226,3,103,29
541,2019/4/9 12:05,302,4,89,42
542,2019/5/3 21:05,317,18,76,41
543,2019/4/23 6:09,284,3,110,22
544,2019/2/23 21:56,188,1,97,37
545,2019/6/3 18:03,395,4,75,56
546,2019/3/1 12:15,170,17,87,31
547,2019/3/29 14:11,120,15,75,45
548,2019/2/27 21:34,262,10,70,55
549,2019/1/28 23:58,29,3,95,37
550,2019/4/1 6:22,360,17,93,25
551,2019/6/19 3:07,216,10,96,29
552,2019/5/17 21:46,249,17,83,35
553,2019/3/23 7:14,381,7,67,61
554,2019/3/25 0:57,105,15,104,16
555,2019/1/2 12:22,333,6,66,63
556,2019/2/27 15:46,15,4,113,18
557,2019/4/6 17:34,394,9,75,51
558,2018/12/20 5:08,111,2,108,25
559,2019/5/31 5:04,88,11,78,46
560,2019/3/27 18:03,120,3,104,28
561,2019/4/15 14:34,383,1,110,24
562,2019/2/7 20:42,165,12,102,21
563,2019/6/25 2:06,4,4,101,30
564,2019/4/3 6:56,219,5,85,45
565,2019/6/24 20:54,247,3,91,41
566,2019/6/15 16:27,7,6,108,21
567,2019/5/20 10:05,232,7,80,48
568,2019/3/15 20:09,112,17,73,45
569,2019/2/8 11:07,67,13,68,54
570,2019/5/2 11:09,219,4,85,46
571,2019/2/23 14:31,160,4,114,17
572,2019/2/11 10:22,283,12,72,51
573,2018/12/21 18:17,35,12,65,58
574,2019/4/24 18:41,362,12,88,35
575,2019/3/9 12:30,352,13,77,45
576,2018/12/14 17:04,280,18,92,25
577,2019/1/12 19:37,366,2,104,29
578,2019/3/21 9:28,387,19,68,48
579,2019/1/9 13:09,216,6,69,60
580,2019/6/13 17:47,352,13,74,48
581,2019/1/20 17:34,146,19,100,16
582,2019/6/21 8:41,383,1,84,50
583,2019/2/14 8:58,219,4,77,54
584,2018/12/16 12:06,280,3,92,40
585,2019/5/20 10:27,11,18,81,36
586,2018/12/19 0:28,184,4,107,24
587,2019/3/30 13:54,212,16,94,25
588,2019/1/30 4:56,168,5,105,25
589,2019/1/22 16:00,389,9,101,25
590,2018/12/18 7:42,386,8,65,62
591,2019/4/8 0:49,240,17,112,6
592,2019/2/15 20:53,52,12,103,20
593,2019/1/9 9:50,40,14,77,44
594,2019/6/18 8:28,61,18,108,9
595,2019/1/13 15:02,191,9,106,20
596,2019/5/12 3:41,175,4,112,19
597,2019/2/25 7:04,304,2,83,50
598,2019/1/21 12:41,355,13,83,39
599,2018/12/19 14:41,106,17,112,6
600,2019/2/20 8:00,10,14,78,43
601,2019/3/3 8:51,139,17,95,23
602,2019/5/18 23:29,359,3,88,44
603,2019/1/30 23:38,260,14,102,19
604,2019/4/25 2:04,55,9,67,59
605,2019/4/25 6:10,296,17,86,32
606,2019/1/5 4:31,181,3,104,28
607,2019/1/6 19:12,258,19,74,42
608,2019/3/11 18:50,9,9,76,50
609,2019/3/31 13:13,217,17,88,30
610,2019/3/27 3:21,205,6,78,51
611,2019/4/28 9:32,363,21,114,0
612,2019/5/30 0:56,305,50,85,0
613,2018/12/28 12:23,95,8,127,0
614,2019/6/1 7:16,236,25,110,0
615,2019/1/18 14:56,76,50,85,0
616,2019/3/8 9:40,265,17,118,0
617,2019/2/28 8:40,270,64,71,0
618,2019/6/2 3:19,56,30,105,0
619,2019/2/1 18:41,335,16,119,0
620,2019/1/17 13:18,311,54,81,0
621,2019/3/2 23:17,337,48,87,0
622,2019/5/21 22:23,192,47,88,0
623,2019/1/20 10:34,337,46,89,0
624,2018/12/29 2:19,275,11,124,0
625,2019/6/23 0:46,140,59,76,0
626,2019/2/26 2:25,154,13,122,0
627,2019/1/2 2:05,340,67,68,0
628,2019/2/27 4:00,147,59,76,0
629,2019/5/12 19:01,205,2,133,0
630,2019/3/20 17:39,287,32,103,0
631,2019/6/8 12:45,59,65,70,0
632,2019/6/23 12:31,367,9,126,0
633,2019/4/27 23:46,187,3,132,0
634,2019/5/13 23:49,246,67,68,0
635,2019/3/9 5:27,213,21,114,0
636,2019/4/22 8:29,89,42,93,0
637,2019/5/21 6:55,348,58,77,0
638,2019/1/1 10:11,161,41,94,0
639,2019/5/2 11:49,113,11,124,0
640,2019/4/11 5:03,142,15,120,0
641,2019/2/20 12:32,50,66,69,0
642,2019/3/27 10:58,14,46,89,0
643,2019/5/21 6:14,227,5,130,0
644,2019/2/14 19:20,11,3,132,0
645,2019/1/9 8:18,246,15,120,0
646,2018/12/31 10:51,238,69,66,0
647,2019/1/19 21:28,286,60,75,0
648,2019/3/29 6:07,368,70,65,0
649,2019/2/25 13:39,29,63,72,0
650,2019/3/12 3:34,312,25,110,0
651,2018/12/29 4:27,380,23,112,0
652,2019/5/10 16:25,169,56,79,0
653,2019/5/21 10:52,372,65,70,0
654,2018/12/30 9:42,321,32,103,0
655,2019/1/16 14:21,219,55,80,0
656,2019/1/5 11:17,94,34,101,0
657,2019/3/23 16:59,322,48,87,0
658,2019/2/12 11:56,102,12,123,0
659,2019/4/11 10:48,245,10,125,0
660,2019/3/29 3:54,17,36,99,0
661,2019/1/23 10:41,218,44,91,0
662,2019/5/25 17:13,335,38,97,0
663,2018/12/20 13:45,344,3,132,0
664,2019/1/31 4:27,0,38,97,0
665,2018/12/27 1:45,97,21,114,0
666,2019/4/10 8:45,254,67,68,0
667,2019/5/30 9:38,60,18,117,0
668,2019/3/28 18:00,49,27,108,0
669,2019/5/3 8:03,332,34,101,0
670,2018/12/25 20:31,256,27,108,0
671,2018/12/30 3:58,181,64,71,0
672,2019/2/18 22:09,88,16,119,0
673,2019/1/29 14:39,331,39,96,0
674,2019/5/27 22:44,137,43,92,0
675,2019/2/13 18:22,307,67,68,0
676,2019/3/21 14:37,83,60,75,0
677,2019/5/19 10:24,63,28,107,0
678,2018/12/20 7:06,348,63,72,0
679,2019/6/10 2:44,396,60,75,0
680,2018/12/13 1:44,18,24,111,0
681,2018/12/21 17:55,73,39,96,0
682,2019/2/1 13:06,220,18,117,0
683,2018/12/30 6:36,240,12,123,0
684,2019/5/13 2:29,321,37,98,0
685,2019/6/16 23:28,4,8,127,0
686,2019/1/1 16:30,181,22,113,0
687,2019/5/10 3:00,279,11,124,0
688,2019/3/1 7:15,191,57,78,0
689,2019/1/5 7:38,274,52,83,0
690,2019/5/14 3:20,43,17,118,0
691,2019/1/20 11:47,80,31,104,0
692,2019/5/4 1:34,8,3,132,0
693,2019/6/21 8:18,147,29,106,0
694,2019/3/22 10:00,300,8,127,0
695,2019/3/24 20:22,129,57,78,0
696,2019/2/16 23:50,268,58,77,0
697,2019/2/9 23:31,345,22,113,0
698,2019/5/8 5:00,27,9,126,0
699,2019/4/12 17:14,49,64,71,0
700,2019/6/28 0:37,269,59,76,0
701,2019/6/27 22:42,1,4,131,0
702,2018/12/14 6:42,364,11,124,0
703,2019/1/20 8:32,95,50,85,0
704,2019/5/15 1:25,94,27,108,0
705,2019/3/17 21:40,86,64,71,0
706,2018/12/29 19:52,393,24,111,0
707,2019/4/3 10:06,322,66,69,0
708,2019/4/1 3:25,151,27,108,0
709,2019/4/4 3:55,343,26,109,0
710,2019/4/7 11:42,16,27,108,0
711,2019/2/6 22:56,199,56,79,0
712,2018/12/31 19:33,64,61,74,0
713,2019/6/22 6:44,146,9,126,0
714,2019/6/20 6:24,92,29,106,0
715,2019/4/23 10:58,126,28,107,0
716,2019/1/2 6:20,349,25,110,0
717,2019/6/14 11:19,14,56,79,0
718,2019/4/24 19:57,118,44,91,0
719,2019/3/12 19:36,83,42,93,0
720,2018/12/25 18:09,78,32,103,0
721,2019/3/24 2:35,323,47,88,0
722,2019/3/27 11:33,372,65,70,0
723,2019/4/27 18:11,278,40,95,0
724,2019/3/25 22:29,47,14,121,0
725,2019/1/8 7:53,204,70,65,0
726,2019/2/7 1:42,261,17,118,0
727,2019/6/7 4:22,120,54,81,0
728,2019/4/8 20:41,257,49,86,0
729,2019/2/21 17:56,186,13,122,0
730,2019/2/21 5:32,265,41,94,0
731,2019/3/26 22:49,301,14,121,0
732,2019/1/5 15:50,270,31,104,0
733,2019/3/26 15:32,192,53,82,0
734,2019/1/31 22:07,11,68,67,0
735,2019/4/24 3:05,236,22,113,0
736,2019/4/19 5:41,351,62,73,0
737,2019/6/24 9:17,178,50,85,0
738,2018/12/25 13:19,230,19,116,0
739,2019/3/10 3:21,83,27,108,0
740,2019/1/24 11:12,129,39,96,0
741,2019/1/1 13:35,264,54,81,0
742,2019/6/16 19:48,303,11,124,0
743,2018/12/23 8:12,2,11,124,0
744,2019/5/31 20:39,283,2,133,0
745,2019/5/26 9:48,105,52,83,0
746,2019/3/18 8:16,316,9,126,0
747,2019/3/30 9:05,27,19,116,0
748,2019/3/30 11:32,97,8,127,0
749,2019/5/9 9:26,69,12,123,0
750,2019/4/3 0:37,177,68,49,18
751,2019/3/1 2:02,276,70,47,18
752,2019/4/4 14:52,320,66,45,24
753,2019/4/22 13:12,232,65,33,37
754,2019/3/4 18:44,72,68,40,27
755,2019/1/21 14:40,137,62,39,34
756,2019/5/26 16:06,348,70,37,28
757,2018/12/21 22:04,333,71,43,21
758,2019/5/3 7:16,210,67,34,34
759,2019/1/12 11:32,329,61,41,33
760,2019/5/29 18:39,387,75,43,17
761,2019/2/26 19:54,270,61,44,30
762,2019/2/23 21:39,364,70,39,26
763,2019/4/1 15:21,166,60,42,33
764,2019/5/16 7:50,388,68,30,37
765,2019/1/14 18:16,9,69,52,14
766,2018/12/12 6:19,369,60,46,29
767,2019/3/26 4:50,219,70,35,30
768,2019/1/20 5:01,294,69,49,17
769,2019/5/21 9:34,192,67,53,15
770,2019/4/16 21:40,82,67,41,27
771,2019/6/18 20:29,96,68,51,16
772,2019/3/31 22:13,285,71,54,10
773,2019/4/1 21:31,147,65,43,27
774,2019/5/7 18:21,203,74,44,17
775,2019/3/6 22:11,138,64,36,35
776,2019/3/30 14:43,91,70,37,28
777,2019/6/25 4:53,245,63,50,22
778,2019/1/1 22:23,46,64,53,18
779,2019/3/30 16:44,74,61,43,31
780,2019/4/20 13:23,28,61,57,17
781,2019/5/9 10:44,176,62,43,30
782,2019/3/8 9:21,34,62,31,42
783,2019/4/22 15:37,39,67,34,34
784,2019/2/10 3:28,95,67,56,12
785,2019/4/25 18:58,108,71,59,5
786,2019/3/14 5:57,52,65,37,33
787,2019/6/2 23:20,164,64,57,14
788,2019/5/19 13:43,79,65,50,20
789,2019/5/25 22:43,334,68,57,10
790,2019/1/9 6:20,208,69,58,8
791,2019/3/2 9:14,51,66,47,22
792,2019/2/10 15:29,152,69,58,8
793,2018/12/20 1:42,268,74,32,29
794,2019/3/7 9:14,393,74,47,14
795,2019/3/28 7:32,365,60,39,36
796,2019/5/3 7:39,193,67,41,27
797,2019/2/19 11:17,208,73,45,17
798,2019/1/10 7:07,114,64,53,18
799,2019/6/15 17:41,358,63,52,20
800,2018/12/19 0:54,266,74,52,9
801,2019/4/13 12:51,41,62,39,34
802,2019/4/16 14:44,97,63,38,34
803,2018/12/27 18:48,146,61,31,43
804,2019/1/19 14:40,244,61,48,26
805,2019/2/13 13:59,378,75,46,14
806,2018/12/19 22:49,382,61,40,34
807,2019/3/9 18:19,279,73,49,13
808,2019/1/10 0:46,10,67,40,28
809,2018/12/30 21:12,179,72,56,7
810,2019/1/13 13:54,330,68,33,34
811,2018/12/28 1:02,399,71,44,20
812,2019/2/13 8:50,203,74,48,13
813,2019/1/5 3:30,175,73,54,8
814,2018/12/26 15:34,165,60,51,24
815,2018/12/25 1:43,288,74,46,15
816,2019/3/6 14:34,144,63,46,26
817,2019/2/6 12:41,118,75,42,18
818,2019/6/9 18:45,366,62,42,31
819,2019/4/20 20:15,38,61,59,15
820,2018/12/27 9:44,119,65,54,16
821,2019/4/19 5:44,292,60,53,22
822,2019/3/28 18:37,1,65,53,17
823,2019/5/28 21:25,70,70,38,27
824,2019/5/28 12:44,9,66,57,12
825,2019/2/15 20:28,181,70,38,27
826,2019/2/28 8:11,229,66,59,10
827,2019/2/1 0:57,176,73,38,24
828,2019/1/23 9:13,347,75,32,28
829,2019/3/10 7:03,195,60,31,44
830,2019/4/14 1:16,245,73,37,25
831,2019/4/13 5:50,391,64,59,12
832,2019/1/28 16:47,311,61,40,34
833,2018/12/19 17:15,247,75,44,16
834,2019/4/2 14:40,89,72,54,9
835,2019/4/9 17:30,234,69,60,6
836,2019/2/19 3:53,263,70,38,27
837,2019/5/29 16:21,168,61,60,14
838,2019/4/8 11:19,149,68,45,22
839,2019/6/5 23:49,354,69,46,20
840,2018/12/17 20:18,19,64,43,28
841,2019/2/12 17:11,143,71,46,18
842,2018/12/22 15:01,325,63,55,17
843,2019/2/10 7:30,161,61,43,31
844,2019/4/25 4:36,261,63,37,35
845,2019/1/23 5:16,182,67,42,26
846,2019/3/4 4:20,138,71,35,29
847,2019/6/13 2:25,64,61,54,20
848,2019/5/23 17:23,126,64,40,31
849,2019/4/12 17:49,178,64,44,27
850,2019/2/4 15:39,297,65,39,31
851,2019/2/18 18:57,158,61,40,34
852,2019/1/20 17:21,363,70,42,23
853,2019/5/13 6:07,206,65,56,14
854,2019/6/18 13:55,359,68,36,31
855,2018/12/30 7:16,94,66,34,35
856,2019/1/31 3:40,51,69,44,22
857,2019/3/24 2:51,217,64,58,13
858,2019/2/24 17:51,371,64,45,26
859,2019/3/26 0:45,274,74,40,21
860,2019/4/16 2:53,120,63,38,34
861,2019/2/23 9:47,71,71,59,5
862,2018/12/26 2:57,152,70,44,21
863,2019/4/4 3:57,276,61,37,37
864,2019/2/14 23:59,137,75,34,26
865,2019/1/15 5:40,4,70,43,22
866,2019/5/18 5:49,390,75,55,5
867,2018/12/13 14:42,113,65,42,28
868,2019/1/27 21:36,312,67,44,24
869,2019/6/25 7:34,50,71,48,16
870,2019/4/30 10:24,372,70,38,27
871,2019/5/15 9:39,190,62,36,37
872,2019/2/11 20:18,61,64,38,33
873,2019/6/10 1:21,215,64,44,27
874,2019/2/28 21:32,6,65,34,36
875,2019/5/8 16:04,359,66,47,22
876,2019/5/17 15:34,77,61,37,37
877,2019/1/31 22:57,360,71,36,28
878,2019/2/15 13:40,193,72,31,32
879,2019/6/13 22:39,13,67,59,9
880,2018/12/30 5:39,7,73,52,10
881,2019/3/20 11:59,254,63,50,22
882,2019/4/11 1:37,382,65,39,31
883,2019/1/4 7:52,370,61,32,42
884,2019/4/7 1:03,95,62,48,25
885,2019/2/17 2:55,217,63,30,42
886,2019/3/22 12:09,149,74,47,14
887,2019/6/2 0:11,21,68,41,26
888,2019/4/2 14:52,257,70,57,8
889,2019/4/30 7:47,275,62,33,40
890,2019/5/2 12:53,129,66,55,14
891,2019/3/15 16:36,121,74,60,1
892,2019/1/14 22:55,373,65,43,27
893,2019/2/16 6:33,118,66,43,26
894,2018/12/20 11:49,261,74,44,17
895,2019/6/23 20:39,238,74,44,17
896,2019/5/22 11:09,351,67,36,32
897,2019/3/19 19:48,43,69,40,26
898,2019/2/16 21:19,396,66,37,32
899,2019/1/17 2:44,125,63,57,15
900,2019/2/15 8:17,247,65,31,39
901,2018/12/28 1:38,60,68,57,10
902,2019/6/8 8:17,380,75,51,9
903,2019/5/24 3:52,1,62,36,37
904,2019/6/10 9:42,269,73,36,26
905,2019/5/17 15:22,191,61,37,37
906,2019/4/12 18:57,190,64,44,27
907,2018/12/17 10:04,110,68,38,29
908,2019/2/28 21:29,264,66,35,34
909,2019/5/22 11:30,171,74,48,13
910,2019/1/1 13:59,78,68,35,32
911,2019/5/17 2:04,188,66,34,35
912,2019/4/27 0:24,159,64,52,19
913,2019/4/1 9:18,222,63,37,35
914,2019/6/19 7:10,265,72,59,4
915,2019/6/4 15:07,181,72,49,14
916,2019/3/11 17:43,391,64,33,38
917,2019/6/15 12:18,68,68,40,27
918,2019/1/21 10:59,167,61,48,26
919,2019/6/29 1:45,15,67,39,29
920,2019/2/7 6:30,356,67,59,9
921,2019/4/13 20:21,34,62,41,32
922,2018/12/14 16:36,273,67,36,32
923,2019/3/28 5:39,121,67,50,18
924,2019/4/28 9:25,290,61,51,23
925,2019/4/28 18:47,265,61,44,30
926,2019/2/25 1:14,283,60,42,33
927,2019/1/30 22:12,276,71,49,15
928,2019/6/29 16:43,154,72,50,13
929,2019/3/15 9:34,49,65,55,15
930,2019/1/29 8:05,287,60,51,24
931,2019/6/29 7:04,267,70,35,30
932,2019/1/3 5:04,373,73,59,3
933,2018/12/20 20:39,188,68,56,11
934,2019/4/17 21:03,90,65,60,10
935,2019/2/15 1:11,337,63,47,25
936,2019/2/18 12:52,332,63,44,28
937,2019/1/14 17:07,67,62,51,22
938,2019/6/11 21:29,389,69,36,30
939,2019/3/3 23:54,15,68,58,9
940,2019/4/7 21:47,322,71,55,9
941,2019/4/10 6:09,124,74,47,14
942,2019/1/3 13:03,250,61,57,17
943,2019/4/16 13:13,222,75,38,22
944,2018/12/14 12:10,375,64,50,21
945,2019/4/30 16:28,297,73,56,6
946,2019/5/15 14:36,279,64,57,14
947,2018/12/18 16:31,239,70,59,6
948,2019/1/23 9:03,339,72,33,30
949,2019/2/28 17:14,243,66,39,30
950,2019/4/5 14:54,394,63,30,42
951,2019/4/19 13:09,72,68,34,33
952,2019/6/21 3:26,47,74,55,6
953,2019/1/25 7:48,45,60,43,32
954,2019/6/27 16:32,238,74,46,15
955,2019/1/14 12:59,337,70,31,34
956,2019/1/7 13:37,3,65,55,15
957,2019/2/16 21:59,101,68,58,9
958,2019/1/18 5:44,363,66,36,33
959,2019/6/13 5:47,160,65,55,15
960,2019/2/27 2:26,225,63,60,12
961,2019/4/16 14:40,232,61,51,23
962,2019/2/11 2:52,287,64,34,37
963,2019/5/4 15:54,132,65,53,17
964,2019/1/3 23:54,50,73,31,31
965,2019/6/23 6:22,19,69,35,31
966,2019/6/1 5:30,258,63,47,25
967,2019/4/1 14:06,135,62,49,24
968,2019/2/6 14:26,65,74,33,28
969,2019/5/7 3:50,349,61,52,22
970,2019/6/24 18:35,78,74,33,28
971,2019/2/26 17:19,128,60,54,21
972,2019/3/3 19:54,7,67,38,30
973,2019/2/10 10:21,253,69,43,23
974,2019/5/9 8:30,113,65,32,38
975,2019/2/28 19:34,327,68,54,13
976,2018/12/31 14:31,103,71,34,30
977,2019/1/7 14:33,55,63,48,24
978,2019/5/28 23:21,167,66,45,24
979,2019/2/5 1:05,179,62,47,26
980,2019/4/25 7:18,217,68,48,19
981,2019/6/12 18:00,202,62,35,38
982,2019/6/23 7:25,20,68,54,13
983,2019/5/5 0:57,394,71,57,7
984,2019/1/31 14:40,390,64,59,12
985,2019/2/24 9:36,196,71,31,33
986,2019/3/6 16:47,91,65,44,26
987,2019/3/21 4:09,21,69,34,32
988,2019/2/22 6:42,14,62,53,20
989,2019/1/24 6:17,142,69,42,24
990,2019/4/23 20:56,81,68,32,35
991,2019/5/20 20:50,375,63,33,39
992,2019/3/22 2:05,96,72,39,24
993,2019/1/11 7:26,340,73,58,4
994,2019/3/25 7:49,137,70,49,16
995,2019/3/19 19:45,271,63,53,19
996,2019/5/24 15:20,160,73,57,5
997,2019/6/11 12:38,134,63,50,22
998,2019/3/10 22:03,363,63,51,21
999,2019/3/9 22:47,14,62,49,24
1000,2019/2/22 20:51,35,66,41,28
1001,2019/2/20 9:24,163,68,40,27
1002,2019/5/5 1:22,43,70,59,6
1003,2019/1/20 2:47,174,71,50,14
1004,2019/3/24 20:09,225,65,39,31
1005,2018/12/26 0:55,283,65,40,30
1006,2019/2/14 22:23,120,67,44,24
1007,2019/4/11 3:31,302,72,35,28
1008,2019/5/26 4:50,176,73,46,16
1009,2019/2/6 18:06,262,67,46,22
1010,2019/5/23 4:05,268,64,56,15
1011,2019/5/28 8:52,135,60,46,29
1012,2019/6/7 10:27,348,61,60,14
1013,2019/2/14 7:22,238,67,33,35
1014,2019/3/28 3:03,211,60,37,38
1015,2019/4/30 19:18,191,73,35,27
1016,2018/12/16 7:25,72,70,58,7
1017,2019/3/2 13:42,55,72,34,29
1018,2019/1/8 13:44,105,72,38,25
1019,2019/3/31 2:36,208,73,52,10
1020,2018/12/24 8:51,23,69,37,29
1021,2019/5/1 21:19,158,69,59,7
1022,2019/1/2 23:50,285,64,60,11
1023,2019/2/28 19:31,8,68,31,36
1024,2019/6/8 5:09,193,73,43,19
1025,2019/3/8 20:47,283,72,49,14
1026,2019/1/31 20:16,14,60,56,19
1027,2019/6/9 23:15,119,66,49,20
1028,2019/2/19 11:51,122,68,34,33
1029,2019/2/10 21:34,156,66,51,18
1030,2019/5/20 21:32,227,62,48,25
1031,2019/4/4 16:15,130,75,47,13
1032,2019/2/21 14:06,81,67,55,13
1033,2019/5/24 2:41,250,66,56,13
1034,2019/3/9 11:10,295,68,49,18
1035,2019/1/7 18:03,33,63,31,41
1036,2019/3/24 7:03,327,75,39,21
1037,2019/5/13 19:25,64,61,35,39
1038,2019/3/6 10:55,285,74,48,13
1039,2019/5/7 14:43,41,63,49,23
1040,2019/5/16 9:14,215,72,44,19
1041,2019/5/3 0:37,124,75,56,4
1042,2019/4/29 20:12,260,68,39,28
1043,2019/2/27 12:54,355,64,42,29
1044,2019/3/30 13:59,92,63,31,41
1045,2019/5/21 8:27,306,61,57,17
1046,2019/5/11 2:29,231,70,45,20
1047,2019/4/2 3:07,271,65,43,27
1048,2019/3/17 21:13,370,61,31,43
1049,2019/3/4 2:09,188,66,35,34
1050,2019/5/24 15:31,248,72,35,28
1051,2019/4/22 19:32,170,60,41,34
1052,2019/3/8 3:47,212,73,37,25
1053,2019/2/3 10:10,233,71,38,26
1054,2019/4/14 0:18,151,75,52,8
1055,2019/2/4 5:59,286,70,44,21
1056,2019/4/12 11:07,286,67,55,13
1057,2019/4/17 18:46,297,68,49,18
1058,2019/4/3 17:02,244,69,41,25
1059,2018/12/24 2:00,395,68,52,15
1060,2019/4/14 16:56,28,71,50,14
1061,2019/2/13 0:08,327,70,52,13
1062,2019/6/12 14:51,238,69,55,11
1063,2018/12/26 0:03,221,61,38,36
1064,2019/2/17 2:42,235,74,52,9
1065,2019/5/6 13:16,50,63,37,35
1066,2019/5/30 16:04,75,61,42,32
1067,2019/3/26 10:53,174,74,52,9
1068,2019/4/6 1:54,107,72,32,31
1069,2018/12/28 19:31,267,62,55,18
1070,2019/4/16 19:19,346,60,53,22
1071,2019/2/14 21:21,173,61,49,25
1072,2018/12/19 13:06,104,63,52,20
1073,2019/5/13 18:54,227,60,55,20
1074,2019/1/12 0:29,340,66,54,15
1075,2019/6/21 22:08,278,71,59,5
1076,2019/3/8 8:16,233,64,55,16
1077,2019/3/31 2:20,321,71,54,10
1078,2019/6/1 17:28,294,68,55,12
1079,2019/6/1 20:45,11,72,55,8
1080,2018/12/12 14:05,210,73,44,18
1081,2019/5/8 23:00,159,66,44,25
1082,2019/2/3 5:34,161,68,59,8
1083,2019/2/19 1:31,302,62,43,30
1084,2019/1/19 2:04,180,60,34,41
1085,2019/5/26 12:09,124,62,51,22
1086,2019/1/19 22:45,90,68,55,12
1087,2019/3/14 0:04,8,72,55,8
1088,2019/1/11 9:17,370,67,48,20
1089,2019/5/12 12:30,145,73,41,21
1090,2019/2/14 20:40,292,71,58,6
1091,2019/5/2 2:32,265,70,30,35
1092,2019/3/10 15:08,8,71,60,4
1093,2019/5/3 16:41,1,71,37,27
1094,2019/2/6 20:43,359,63,45,27
1095,2019/5/4 13:25,364,67,51,17
1096,2018/12/28 6:08,108,66,58,11
1097,2019/2/5 13:29,301,72,54,9
1098,2019/3/3 6:34,213,66,49,20
1099,2019/2/13 0:11,14,62,42,31
1100,2018/12/28 2:03,18,74,44,17
1101,2019/6/1 8:35,360,70,52,13
1102,2019/3/6 13:19,46,73,33,29
1103,2019/3/15 0:48,228,71,46,18
1104,2019/5/22 14:45,97,71,48,16
1105,2019/6/3 17:31,361,62,57,16
1106,2019/6/3 11:21,274,62,30,43
1107,2019/4/25 5:02,111,66,58,11
1108,2019/6/23 15:38,113,60,45,30
1109,2019/5/19 18:54,349,69,31,35
1110,2019/3/30 6:48,61,74,38,23
1111,2019/2/1 20:57,125,63,52,20
1112,2019/6/25 0:42,215,60,38,37
1113,2019/3/18 17:33,81,64,52,19
1114,2019/1/28 3:18,309,70,59,6
1115,2019/5/16 15:39,201,62,48,25
1116,2018/12/26 19:39,306,65,49,21
1117,2019/2/5 19:39,339,68,53,14
1118,2019/1/3 6:21,245,74,37,24
1119,2018/12/27 16:16,288,73,38,24
1120,2019/3/10 1:25,177,71,36,28
1121,2019/4/17 22:53,196,74,39,22
1122,2019/4/9 1:13,49,70,35,30
1123,2018/12/12 7:12,300,62,53,20
1124,2019/4/10 15:25,52,74,53,8
1125,2019/3/2 2:20,136,60,33,42
1126,2019/1/20 15:44,158,69,35,31
1127,2019/5/23 0:43,269,67,48,20
1128,2019/4/30 12:31,249,67,54,14
1129,2019/5/28 9:31,246,74,31,30
1130,2019/4/18 4:05,231,70,48,17
1131,2019/3/27 22:02,363,67,58,10
1132,2019/6/5 9:57,100,67,40,28
1133,2018/12/17 21:47,387,70,36,29
1134,2019/2/12 0:56,117,74,32,29
1135,2019/3/26 1:44,199,63,49,23
1136,2019/1/18 8:54,269,69,43,23
1137,2019/2/7 9:34,238,63,54,18
1138,2019/6/4 20:09,63,68,35,32
1139,2019/5/21 9:23,210,62,32,41
1140,2019/5/17 1:58,228,74,50,11
1141,2019/6/25 10:08,350,70,57,8
1142,2019/4/20 19:07,321,62,46,27
1143,2019/3/16 13:08,30,75,50,10
1144,2019/6/7 13:11,1,66,42,27
1145,2019/2/10 2:42,281,67,36,32
1146,2019/3/14 21:13,249,62,49,24
1147,2019/2/24 1:21,170,68,44,23
1148,2019/3/9 7:53,174,62,40,33
1149,2019/2/15 18:44,170,69,43,23
1150,2018/12/25 10:55,15,75,42,18
1151,2019/6/4 23:46,203,73,53,9
1152,2018/12/12 8:14,167,63,36,36
1153,2019/3/27 16:13,204,71,40,24
1154,2019/3/23 9:50,71,70,60,5
1155,2019/1/17 17:43,54,61,50,24
1156,2019/5/26 20:08,42,74,55,6
1157,2019/4/14 1:52,55,64,51,20
1158,2019/4/1 5:10,338,65,46,24
1159,2019/5/26 8:26,296,68,45,22
1160,2019/2/13 7:57,291,64,55,16
1161,2019/3/4 23:39,14,64,33,38
1162,2019/6/13 22:11,81,62,36,37
1163,2019/5/30 17:47,9,61,50,24
1164,2019/4/20 9:54,143,67,49,19
1165,2018/12/31 3:00,38,75,35,25
1166,2019/2/26 4:01,167,66,54,15
1167,2019/4/8 10:43,381,75,54,6
1168,2019/3/15 16:26,187,69,56,10
1169,2018/12/14 6:57,354,68,33,34
1170,2019/1/7 16:35,147,70,34,31
1171,2019/5/31 5:25,21,72,54,9
1172,2019/3/27 10:23,237,68,37,30
1173,2019/1/25 16:18,8,71,58,6
1174,2019/6/16 13:05,323,63,52,20
1175,2019/1/25 21:20,336,63,38,34
1176,2018/12/29 12:34,324,74,43,18
1177,2019/5/8 5:58,4,69,58,8
1178,2019/5/23 2:25,396,66,58,11
1179,2019/1/21 7:44,196,72,43,20
1180,2019/2/27 2:53,105,72,31,32
1181,2018/12/18 13:49,238,61,40,34
1182,2019/1/28 9:44,394,60,44,31
1183,2019/4/15 4:00,238,63,47,25
1184,2019/3/8 18:59,151,70,52,13
1185,2019/3/5 22:49,131,61,45,29
1186,2019/1/26 13:44,334,66,43,26
1187,2018/12/14 13:04,42,66,58,11
1188,2019/2/21 23:20,158,72,57,6
1189,2019/2/9 15:27,292,72,30,33
1190,2019/4/25 15:58,364,74,47,14
1191,2019/3/23 3:42,12,65,53,17
1192,2019/6/26 3:15,320,70,50,15
1193,2018/12/15 17:47,217,71,42,22
1194,2019/2/7 21:59,72,68,41,26
1195,2019/4/19 9:46,150,66,48,21
1196,2019/1/8 11:12,313,67,45,23
1197,2019/6/23 23:08,198,70,60,5
1198,2019/2/23 21:03,194,68,39,28
1199,2019/6/17 6:36,392,71,60,4
1200,2019/6/15 13:46,253,74,37,24
1201,2019/5/4 4:26,37,73,45,17
1202,2019/1/17 10:31,237,68,46,21
1203,2019/5/10 11:56,128,68,57,10
1204,2019/2/19 5:39,311,63,36,36
1205,2019/3/15 9:04,233,70,58,7
1206,2019/1/20 15:28,92,65,53,17
1207,2019/2/17 2:03,151,75,46,14
1208,2019/1/4 12:55,72,74,51,10
1209,2019/6/2 12:49,196,63,42,30
1210,2019/1/21 14:35,371,71,47,17
1211,2019/4/17 16:52,12,64,49,22
1212,2019/2/15 7:01,42,74,30,31
1213,2019/4/28 15:31,315,73,35,27
1214,2019/5/11 17:34,377,66,43,26
1215,2018/12/30 0:02,334,66,49,20
1216,2018/12/27 19:23,275,74,59,2
1217,2019/2/9 19:13,322,65,30,40
1218,2019/4/15 11:33,283,67,32,36
1219,2019/5/11 0:43,284,61,57,17
1220,2019/1/5 18:54,360,72,37,26
1221,2019/3/24 23:23,152,72,57,6
1222,2018/12/30 1:09,202,67,30,38
1223,2019/6/13 23:27,346,62,55,18
1224,2019/3/12 16:19,313,67,57,11
1225,2019/6/8 5:50,394,74,55,6
1226,2019/2/10 23:10,20,74,34,27
1227,2019/3/31 19:53,156,61,41,33
1228,2019/4/29 4:33,241,60,30,45
1229,2019/3/24 14:59,13,69,36,30
1230,2019/4/4 2:06,202,64,43,28
1231,2019/2/5 5:33,378,74,42,19
1232,2019/2/24 15:23,152,68,41,26
1233,2019/6/25 12:53,212,61,58,16
1234,2019/2/18 23:57,358,72,39,24
1235,2019/2/19 11:17,171,64,34,37
1236,2019/5/6 10:15,397,75,40,20
1237,2019/3/5 23:51,88,71,31,33
1238,2019/4/13 21:48,52,65,37,33
1239,2019/5/15 13:03,65,62,52,21
1240,2019/3/4 22:54,355,63,41,31
1241,2019/1/15 2:44,263,68,49,18
1242,2019/1/26 5:08,368,71,49,15
1243,2019/6/23 14:46,349,65,58,12
1244,2019/5/9 18:04,232,74,60,1
1245,2019/5/4 8:17,107,66,59,10
1246,2019/1/19 14:17,101,62,57,16
1247,2019/1/1 22:26,224,72,32,31
1248,2019/5/2 20:39,314,71,36,28
1249,2019/5/27 12:41,117,67,35,33
1250,2019/1/29 0:58,159,64,57,14
1251,2019/2/11 7:43,173,72,55,8
1252,2019/4/1 13:41,103,62,32,41
1253,2019/6/14 9:51,346,61,54,20
1254,2019/2/9 21:38,196,66,34,35
1255,2019/5/29 4:38,104,64,58,13
1256,2019/4/18 23:56,154,72,34,29
1257,2019/4/13 11:37,36,69,54,12
1258,2019/4/26 11:27,56,70,45,20
1259,2019/4/21 5:30,16,61,32,42
1260,2019/5/24 10:05,105,68,35,32
1261,2019/2/6 20:16,311,70,42,23
1262,2019/2/11 21:05,353,75,60,0
1263,2019/2/15 12:16,157,64,32,39
1264,2019/2/12 17:55,198,64,38,33
1265,2019/5/30 19:37,113,65,40,30
1266,2019/1/11 0:44,58,60,52,23
1267,2019/5/16 4:29,131,64,35,36
1268,2018/12/13 10:04,84,64,33,38
1269,2019/3/11 13:07,368,65,50,20
1270,2019/4/19 7:04,376,70,42,23
1271,2019/4/14 17:42,241,61,52,22
1272,2019/5/11 19:28,199,69,45,21
1273,2019/2/10 9:10,80,71,34,30
1274,2019/6/22 9:42,242,70,53,12
1275,2019/6/24 15:28,293,63,58,14
1276,2019/5/2 13:28,364,69,33,33
1277,2019/2/16 3:41,204,66,58,11
1278,2019/4/23 4:42,218,67,47,21
1279,2019/6/6 13:30,39,61,50,24
1280,2019/3/7 20:45,160,73,43,19
1281,2019/4/30 8:06,82,66,43,26
1282,2019/6/24 8:14,135,73,43,19
1283,2019/1/22 19:45,233,71,45,19
1284,2019/2/18 19:28,227,61,49,25
1285,2018/12/18 0:49,265,66,33,36
1286,2018/12/27 10:32,256,60,54,21
1287,2019/2/15 22:41,381,67,54,14
1288,2019/4/12 21:09,178,73,31,31
1289,2019/1/9 2:12,386,62,54,19
1290,2019/2/13 17:57,156,74,45,16
1291,2019/1/15 1:14,392,64,41,30
1292,2019/1/30 8:48,296,63,45,27
1293,2019/4/4 20:05,90,74,33,28
1294,2019/1/10 13:15,359,64,50,21
1295,2019/1/10 17:49,273,72,57,6
1296,2019/6/21 21:58,264,68,57,10
1297,2019/3/7 2:19,213,74,57,4
1298,2019/3/23 21:19,269,73,42,20
1299,2019/1/14 8:57,249,68,41,26
1300,2019/5/17 21:15,241,71,57,7
1301,2019/3/3 20:48,165,70,48,17
1302,2019/3/28 20:26,64,69,56,10
1303,2019/2/15 14:26,390,65,33,37
1304,2019/4/16 4:15,288,65,60,10
1305,2018/12/15 15:51,360,75,56,4
1306,2019/2/22 20:46,320,63,49,23
1307,2019/4/1 7:29,16,67,58,10
1308,2018/12/23 2:57,311,63,54,18
1309,2018/12/18 7:11,309,65,34,36
1310,2019/6/4 22:26,322,60,51,24
1311,2019/5/21 19:18,67,64,56,15
1312,2019/2/10 17:45,8,72,59,4
1313,2019/5/13 1:51,153,73,59,3
1314,2019/3/2 7:23,276,67,39,29
1315,2019/4/27 17:35,268,72,53,10
1316,2019/1/12 18:51,149,69,56,10
1317,2019/1/10 12:20,158,75,57,3
1318,2019/4/18 13:24,145,67,40,28
1319,2019/6/15 15:00,98,70,48,17
1320,2019/4/27 1:38,322,73,43,19
1321,2019/2/12 14:14,122,75,59,1
1322,2019/3/24 14:40,168,72,32,31
1323,2018/12/29 5:49,23,63,36,36
1324,2019/1/17 18:41,111,67,32,36
1325,2019/5/22 7:15,160,65,48,22
1326,2019/3/4 10:33,91,75,47,13
1327,2019/4/4 11:09,258,63,35,37
1328,2018/12/15 9:08,103,69,37,29
1329,2019/6/7 16:50,241,62,45,28
1330,2019/5/20 7:20,74,69,34,32
1331,2019/5/20 18:39,217,66,56,13
1332,2019/5/11 4:14,208,67,38,30
1333,2019/4/13 18:42,298,68,42,25
1334,2019/3/15 11:15,276,71,45,19
1335,2019/5/23 23:49,40,66,38,31
1336,2019/3/20 21:26,256,70,45,20
1337,2019/1/24 9:58,77,73,48,14
1338,2019/5/21 3:47,224,67,37,31
1339,2019/4/24 3:38,357,65,58,12
1340,2019/2/26 12:07,65,72,59,4
1341,2019/5/28 17:17,0,64,39,32
1342,2019/4/18 7:47,118,74,42,19
1343,2019/3/13 17:57,375,69,41,25
1344,2019/6/12 10:20,250,67,60,8
1345,2019/3/9 18:26,298,71,54,10
1346,2019/1/8 0:01,284,65,39,31
1347,2019/6/12 5:04,66,69,51,15
1348,2019/4/15 16:27,332,68,47,20
1349,2019/4/14 15:35,110,71,55,9
1350,2019/4/23 13:45,189,67,58,10
1351,2019/1/20 2:19,355,72,45,18
1352,2019/6/11 13:32,43,62,32,41
1353,2019/1/14 20:38,78,72,48,15
1354,2019/6/9 8:52,111,70,43,22
1355,2019/6/17 3:19,300,63,56,16
1356,2019/3/17 6:01,319,72,45,18
1357,2019/2/5 17:26,72,71,56,8
1358,2019/6/21 4:58,129,70,31,34
1359,2019/5/2 8:50,125,65,30,40
1360,2019/3/8 21:40,204,66,49,20
1361,2019/1/18 1:34,92,62,48,25
1362,2018/12/30 15:15,289,66,37,32
1363,2019/3/20 10:34,45,72,40,23
1364,2019/1/10 16:57,381,72,38,25
1365,2019/2/7 9:28,211,60,38,37
1366,2019/2/24 6:57,188,65,52,18
1367,2019/3/7 5:51,353,60,50,25
1368,2019/5/26 1:31,116,62,36,37
1369,2019/5/20 9:48,93,63,42,30
1370,2019/4/29 4:47,319,62,42,31
1371,2019/1/5 12:15,335,67,31,37
1372,2019/6/8 11:17,171,64,40,31
1373,2019/6/9 8:00,322,67,44,24
1374,2019/3/15 16:22,246,69,45,21
1375,2019/5/28 20:01,354,70,46,19
1376,2019/3/25 10:31,340,69,47,19
1377,2019/6/18 19:45,187,64,50,21
1378,2018/12/31 2:52,173,65,35,35
1379,2019/5/7 10:52,43,66,56,13
1380,2018/12/23 9:24,124,71,44,20
1381,2019/4/18 14:26,157,62,37,36
1382,2019/1/30 22:09,86,74,30,31
1383,2019/4/30 13:52,184,70,50,15
1384,2019/1/28 5:29,237,69,30,36
1385,2019/1/14 7:09,369,61,48,26
1386,2019/3/26 4:28,108,75,31,29
1387,2019/2/24 19:24,254,63,54,18
1388,2019/1/8 4:42,59,67,48,20
1389,2019/3/18 16:49,223,71,37,27
1390,2019/6/26 7:06,331,64,38,33
1391,2018/12/14 11:38,247,68,31,36
1392,2019/3/14 23:07,302,71,58,6
1393,2019/6/26 10:20,70,72,40,23
1394,2019/6/7 17:32,314,70,34,31
1395,2019/5/4 12:46,364,61,57,17
1396,2019/3/6 10:42,208,65,37,33
1397,2019/1/12 0:49,117,64,33,38
1398,2019/2/11 20:56,100,65,59,11
1399,2019/4/18 13:36,170,61,41,33
1400,2019/2/24 1:37,325,67,46,22
1401,2019/1/21 8:11,295,66,58,11
1402,2019/4/8 1:03,22,63,52,20
1403,2019/2/17 9:19,343,63,34,38
1404,2019/1/19 21:41,205,65,54,16
1405,2019/6/19 7:03,97,64,39,32
1406,2019/5/10 6:49,4,68,51,16
1407,2019/3/29 12:06,115,65,54,16
1408,2018/12/24 6:34,46,64,31,40
1409,2019/3/13 15:08,234,64,39,32
1410,2019/3/4 2:08,117,69,48,18
1411,2019/4/1 4:00,61,65,41,29
1412,2019/1/6 18:12,363,60,48,27
1413,2019/5/16 14:19,338,66,54,15
1414,2019/4/22 9:55,337,67,38,30
1415,2019/1/11 20:10,345,71,53,11
1416,2019/2/4 3:29,275,63,42,30
1417,2019/1/9 19:42,173,68,55,12
1418,2019/1/23 2:24,46,63,59,13
1419,2019/1/16 20:28,132,61,33,41
1420,2019/3/16 13:50,133,64,50,21
1421,2019/3/26 2:34,146,62,52,21
1422,2019/1/27 18:16,358,70,48,17
1423,2019/2/22 20:32,87,66,51,18
1424,2019/5/29 6:39,27,72,58,5
1425,2019/5/15 7:04,56,68,49,18
1426,2019/3/15 20:54,397,70,36,29
1427,2019/4/23 11:09,394,66,57,12
1428,2018/12/18 20:35,377,66,42,27
1429,2019/6/16 13:24,2,64,36,35
1430,2019/4/20 10:40,198,63,53,19
1431,2019/6/5 9:03,296,66,40,29
1432,2019/4/12 20:47,197,64,34,37
1433,2019/6/7 6:57,30,65,48,22
1434,2019/6/7 6:17,239,72,35,28
1435,2019/5/30 8:02,18,68,41,26
1436,2019/6/1 0:23,291,64,58,13
1437,2019/6/13 3:02,214,74,50,11
1438,2019/3/9 17:38,71,60,51,24
1439,2019/1/12 19:06,23,60,33,42
1440,2019/3/6 10:49,46,61,47,27
1441,2018/12/22 3:17,329,65,30,40
1442,2019/2/18 7:13,247,68,57,10
1443,2018/12/12 23:36,267,66,46,23
1444,2019/4/18 10:23,51,61,60,14
1445,2019/5/16 19:26,208,66,58,11
1446,2019/5/27 2:58,176,75,34,26
1447,2019/5/18 15:15,180,69,48,18
1448,2019/3/20 14:08,120,72,57,6
1449,2019/5/1 3:59,66,61,38,36
1450,2019/2/21 9:12,394,60,52,23
1451,2019/6/28 5:28,238,68,56,11
1452,2019/3/18 9:16,84,74,58,3
1453,2019/5/23 15:18,316,68,30,37
1454,2019/6/4 6:22,132,71,57,7
1455,2019/6/7 11:34,146,62,60,13
1456,2019/5/11 7:39,364,61,37,37
1457,2019/4/27 8:59,356,65,55,15
1458,2019/4/12 8:43,74,66,38,31
1459,2019/3/16 6:19,283,64,32,39
1460,2019/5/26 13:14,346,71,60,4
1461,2019/4/30 17:39,124,68,35,32
1462,2019/6/10 16:48,45,74,40,21
1463,2019/3/14 21:59,263,69,42,24
1464,2019/4/26 21:35,83,75,36,24
1465,2019/2/2 16:17,1,65,46,24
1466,2019/3/29 22:05,181,69,40,26
1467,2018/12/22 9:28,1,72,47,16
1468,2019/1/27 13:36,212,65,59,11
1469,2019/6/10 21:11,341,60,44,31
1470,2019/1/15 22:12,213,74,44,17
1471,2019/4/6 5:12,199,74,55,6
1472,2019/6/22 4:03,85,68,31,36
1473,2019/2/4 6:24,137,72,49,14
1474,2018/12/18 5:39,120,61,60,14
1475,2019/2/28 5:23,352,64,35,36
1476,2019/4/9 9:57,97,66,53,16
1477,2019/1/15 10:28,375,63,54,18
1478,2019/2/19 14:06,29,67,31,37
1479,2018/12/23 3:58,197,65,43,27
1480,2019/4/26 16:53,142,66,41,28
1481,2019/5/29 1:46,382,61,34,40
1482,2019/5/8 6:20,368,64,44,27
1483,2019/6/29 12:15,195,60,38,37
1484,2019/4/5 15:40,57,61,57,17
1485,2019/5/18 11:39,185,69,56,10
1486,2018/12/31 12:15,185,70,39,26
1487,2019/2/6 11:43,165,68,54,13
1488,2019/1/4 8:25,225,67,45,23
1489,2019/1/2 3:14,181,67,51,17
1490,2018/12/23 8:25,297,67,48,20
1491,2018/12/20 19:38,397,64,36,35
1492,2018/12/20 6:51,239,72,30,33
1493,2019/1/5 0:24,19,68,40,27
1494,2019/3/2 12:06,212,66,57,12
1495,2019/2/13 3:36,298,68,41,26
1496,2019/4/26 20:37,276,67,35,33
1497,2018/12/29 2:06,265,74,30,31
1498,2019/5/23 15:07,64,66,31,38
1499,2019/4/17 15:35,357,60,51,24
1500,2019/2/14 6:05,134,63,59,13
1501,2018/12/25 8:59,44,62,35,38
1502,2019/3/23 6:39,49,66,55,14
1503,2019/2/4 7:57,295,74,46,15
1504,2019/3/21 22:51,30,67,52,16
1505,2019/4/1 10:48,185,63,54,18
1506,2019/1/5 16:41,281,70,53,12
1507,2019/5/24 4:07,54,72,40,23
1508,2019/5/8 19:20,207,73,31,31
1509,2019/4/26 17:02,269,62,41,32
1510,2019/5/10 12:07,57,61,31,43
1511,2018/12/20 20:46,63,62,47,26
1512,2019/5/23 2:14,54,67,37,31
1513,2019/5/1 15:59,351,67,40,28
1514,2018/12/29 5:03,80,67,36,32
1515,2019/1/28 22:45,287,69,44,22
1516,2019/4/8 15:56,271,74,35,26
1517,2019/2/3 22:14,107,60,43,32
1518,2019/3/27 5:16,100,64,41,30
1519,2019/1/9 19:26,186,65,43,27
1520,2019/3/17 16:50,306,72,43,20
1521,2019/1/24 1:31,163,70,33,32
1522,2019/6/14 4:53,391,60,52,23
1523,2019/3/4 19:30,320,71,54,10
1524,2019/2/7 17:45,388,66,47,22
1525,2019/4/7 23:04,125,72,56,7
1526,2019/4/21 7:34,383,65,49,21
1527,2019/2/17 8:10,334,70,58,7
1528,2019/2/14 23:08,125,65,51,19
1529,2019/4/21 21:57,90,67,50,18
1530,2019/5/31 21:12,5,75,58,2
1531,2019/4/15 0:50,49,62,57,16
1532,2019/4/28 7:11,127,63,47,25
1533,2018/12/14 5:21,64,69,41,25
1534,2018/12/25 20:22,254,72,47,16
1535,2019/3/30 19:31,384,66,45,24
1536,2019/2/7 20:26,52,66,47,22
1537,2019/1/27 6:45,371,63,47,25
1538,2019/3/8 17:33,85,61,46,28
1539,2019/1/31 9:21,346,64,34,37
1540,2019/1/5 5:28,34,72,57,6
1541,2019/6/15 11:56,140,73,57,5
1542,2019/1/6 21:05,103,75,45,15
1543,2019/5/14 14:24,66,67,60,8
1544,2019/5/12 23:35,384,73,31,31
1545,2019/6/1 7:42,359,73,41,21
1546,2019/5/18 20:07,374,71,40,24
1547,2019/3/3 16:19,32,64,42,29
1548,2019/2/15 6:49,143,72,54,9
1549,2019/6/7 4:47,142,73,55,7
1550,2019/4/1 8:27,225,64,33,38
1551,2019/2/2 9:56,398,74,39,22
1552,2019/1/14 18:30,207,65,38,32
1553,2019/2/23 10:10,5,66,48,21
1554,2019/4/27 14:21,183,73,57,5
1555,2019/6/5 17:45,132,63,45,27
1556,2019/6/24 5:11,151,65,42,28
1557,2019/2/16 8:21,183,74,49,12
1558,2019/1/17 19:15,61,67,46,22
1559,2019/4/2 4:14,219,65,58,12
1560,2019/3/9 5:12,263,61,40,34
1561,2019/3/12 11:27,221,63,53,19
1562,2019/4/28 2:19,101,63,51,21
1563,2019/6/7 10:08,262,67,45,23
1564,2019/4/27 12:15,128,60,50,25
1565,2019/1/23 22:27,272,69,54,12
1566,2019/5/31 18:34,75,61,55,19
1567,2019/4/8 23:57,30,68,33,34
1568,2019/1/2 13:42,187,70,36,29
1569,2019/3/28 15:35,159,74,36,25
1570,2019/2/13 1:08,273,62,51,22
1571,2019/3/16 4:22,189,69,46,20
1572,2019/3/22 6:58,195,75,36,24
1573,2019/5/27 6:40,6,70,58,7
1574,2019/1/29 8:30,395,66,45,24
1575,2019/6/21 15:17,380,67,44,24
1576,2019/2/26 10:44,287,64,33,38
1577,2019/5/18 11:37,13,68,48,19
1578,2019/4/23 14:42,185,71,55,9
1579,2018/12/25 3:40,333,72,37,26
1580,2019/2/3 9:11,296,70,49,16
1581,2019/4/7 5:25,392,71,54,10
1582,2019/6/7 6:15,34,69,42,24
1583,2019/1/20 4:57,165,62,56,17
1584,2019/1/15 11:38,117,72,43,20
1585,2019/5/20 10:30,257,66,30,39
1586,2019/1/24 6:34,31,61,43,31
1587,2019/3/3 18:10,153,64,40,31
1588,2019/1/6 6:07,396,64,30,41
1589,2019/5/13 12:40,216,74,57,4
1590,2019/6/7 2:53,235,71,52,12
1591,2019/1/17 12:22,145,65,54,16
1592,2019/4/20 6:35,166,71,40,24
1593,2019/2/4 22:08,194,74,37,24
1594,2019/5/2 4:10,235,68,37,30
1595,2019/6/10 0:56,27,67,56,12
1596,2019/2/26 11:59,134,60,56,19
1597,2019/2/1 13:42,395,72,48,15
1598,2019/3/3 7:51,11,61,51,23
1599,2019/2/15 20:51,15,73,41,21
1600,2019/5/25 4:47,34,72,40,23
1601,2019/3/17 4:45,79,74,44,17
1602,2019/3/6 16:37,6,64,52,19
1603,2019/6/20 0:27,175,62,53,20
1604,2019/5/15 11:42,110,74,39,22
1605,2019/3/7 13:57,189,68,48,19
1606,2019/4/25 22:38,274,73,40,22
1607,2019/6/18 16:49,65,74,45,16
1608,2019/6/29 19:14,302,63,53,19
1609,2019/2/19 18:17,221,67,34,34
1610,2019/1/12 18:50,246,75,39,21
1611,2019/3/28 8:37,242,75,55,5
1612,2019/1/9 0:26,326,67,55,13
1613,2019/2/3 22:42,150,73,45,17
1614,2019/1/24 9:17,260,67,38,30
1615,2019/5/19 10:03,30,63,33,39
1616,2019/3/13 20:45,115,75,37,23
1617,2019/4/21 18:13,280,67,54,14
1618,2019/4/11 8:03,230,61,44,30
1619,2019/2/1 10:26,20,70,45,20
1620,2019/4/25 9:21,55,65,46,24
1621,2019/3/3 14:49,21,74,42,19
1622,2018/12/24 18:03,204,65,36,34
1623,2019/6/15 15:10,58,71,44,20
1624,2019/1/3 18:04,132,72,35,28
1625,2019/1/16 15:02,54,65,46,24
1626,2019/2/5 9:26,16,66,36,33
1627,2019/1/28 2:43,394,63,39,33
1628,2019/3/7 21:01,394,68,49,18
1629,2019/3/2 9:57,221,75,33,27
1630,2019/5/27 6:48,303,63,58,14
1631,2019/1/16 11:32,109,62,52,21
1632,2019/5/24 3:59,72,68,50,17
1633,2019/2/10 7:59,124,65,58,12
1634,2019/3/24 19:57,201,65,44,26
1635,2019/3/30 0:28,226,70,43,22
1636,2019/6/6 23:41,385,63,39,33
1637,2019/2/12 19:06,225,62,52,21
1638,2019/4/9 22:57,111,63,50,22
1639,2019/3/27 15:39,389,65,45,25
1640,2019/3/4 20:00,258,70,38,27
1641,2019/2/22 20:04,354,63,60,12
1642,2019/6/2 17:37,201,74,54,7
1643,2019/4/27 21:21,66,63,48,24
1644,2019/5/14 0:05,354,66,41,28
1645,2019/6/2 0:03,288,61,41,33
1646,2019/1/12 9:18,196,62,34,39
1647,2019/4/26 6:21,315,65,59,11
1648,2019/1/27 9:24,240,65,59,11
1649,2019/4/17 17:44,19,66,42,27
1650,2019/2/25 12:37,189,62,36,37
1651,2019/2/19 3:06,376,73,36,26
1652,2019/6/17 7:57,186,68,36,31
1653,2019/3/23 17:08,91,70,57,8
1654,2019/5/13 12:28,247,60,52,23
1655,2019/5/22 19:50,23,75,49,11
1656,2019/1/27 17:19,198,67,40,28
1657,2019/3/21 21:53,200,74,47,14
1658,2019/6/5 8:53,104,66,43,26
1659,2019/4/27 7:30,378,71,47,17
1660,2019/6/16 23:54,117,63,33,39
1661,2019/2/21 0:26,16,66,34,35
1662,2018/12/18 18:56,388,67,54,14
1663,2019/1/5 15:54,36,75,45,15
1664,2018/12/27 7:09,359,70,44,21
1665,2019/6/19 6:02,92,65,39,31
1666,2018/12/29 7:15,316,71,47,17
1667,2019/3/30 13:35,308,72,31,32
1668,2019/6/13 23:48,328,74,46,15
1669,2019/3/17 14:38,166,68,31,36
1670,2019/3/7 15:38,109,62,52,21
1671,2019/2/8 5:00,172,69,38,28
1672,2019/2/20 8:06,116,73,34,28
1673,2019/4/18 11:08,188,71,33,31
1674,2019/3/12 5:33,343,71,49,15
1675,2019/3/11 11:20,82,69,46,20
1676,2019/1/18 0:31,87,66,51,18
1677,2019/3/17 9:09,299,65,50,20
1678,2018/12/19 20:32,126,61,35,39
1679,2019/1/6 2:26,301,64,38,33
1680,2019/4/12 16:05,260,69,40,26
1681,2019/1/3 13:55,157,75,31,29
1682,2019/3/17 7:47,342,69,43,23
1683,2019/3/8 8:49,281,69,38,28
1684,2019/2/22 12:59,139,67,32,36
1685,2019/5/25 7:06,157,65,35,35
1686,2019/1/6 21:35,211,72,59,4
1687,2019/4/25 21:23,37,74,44,17
1688,2019/3/14 12:59,334,72,33,30
1689,2018/12/14 19:58,190,67,42,26
1690,2019/1/19 6:56,35,70,40,25
1691,2019/4/18 19:17,187,70,47,18
1692,2019/5/24 15:25,136,64,53,18
1693,2019/4/28 21:15,51,75,39,21
1694,2019/5/13 15:09,101,63,41,31
1695,2019/1/23 4:40,356,70,55,10
1696,2018/12/26 8:40,86,68,54,13
1697,2019/3/3 18:45,318,66,41,28
1698,2019/3/5 21:24,394,63,42,30
1699,2019/4/15 3:27,153,63,40,32
1700,2019/4/26 4:28,381,63,57,15
1701,2018/12/27 7:29,205,61,59,15
1702,2019/2/24 17:20,166,65,32,38
1703,2019/6/28 1:00,12,65,44,26
1704,2018/12/16 19:50,179,71,33,31
1705,2018/12/17 11:48,259,63,31,41
1706,2019/1/4 15:01,388,68,45,22
1707,2019/2/6 16:32,29,70,36,29
1708,2019/3/13 5:11,241,66,58,11
1709,2019/1/29 1:45,132,74,52,9
1710,2019/4/30 11:05,226,73,55,7
1711,2019/1/24 21:30,48,60,46,29
1712,2019/4/28 15:03,364,63,40,32
1713,2018/12/28 21:00,245,61,48,26
1714,2019/1/2 15:00,180,69,59,7
1715,2019/3/7 4:51,326,63,35,37
1716,2019/1/28 7:30,195,60,54,21
1717,2019/4/30 14:43,291,74,36,25
1718,2019/3/18 12:15,226,61,37,37
1719,2019/5/17 15:03,229,62,51,22
1720,2019/4/27 4:41,135,72,54,9
1721,2019/3/1 21:58,214,74,59,2
1722,2019/5/6 4:16,291,64,36,35
1723,2019/1/16 22:32,343,75,56,4
1724,2019/4/24 3:48,213,62,53,20
1725,2018/12/23 20:08,333,63,59,13
1726,2019/1/11 13:02,387,71,47,17
1727,2018/12/26 2:09,144,73,50,12
1728,2019/5/14 4:34,370,67,55,13
1729,2019/5/11 6:48,83,61,43,31
1730,2018/12/30 23:54,143,72,36,27
1731,2019/1/8 6:03,287,61,50,24
1732,2019/5/8 3:03,340,66,43,26
1733,2018/12/30 17:04,90,67,54,14
1734,2019/1/11 3:58,1,75,43,17
1735,2019/4/27 22:38,195,71,53,11
1736,2019/3/24 3:23,325,63,39,33
1737,2019/4/8 6:42,374,69,47,19
1738,2019/6/15 23:49,355,68,41,26
1739,2019/3/23 7:27,219,63,54,18
1740,2019/6/14 18:07,333,65,35,35
1741,2019/2/3 15:29,218,70,48,17
1742,2019/1/28 14:34,28,67,39,29
1743,2018/12/17 13:29,15,71,58,6
1744,2019/5/11 10:33,381,64,59,12
1745,2019/5/26 15:56,340,63,33,39
1746,2019/6/12 9:26,277,67,50,18
1747,2019/6/26 14:47,277,64,43,28
1748,2019/6/20 5:23,96,69,50,16
1749,2019/5/14 0:04,392,65,31,39
1750,2018/12/28 6:28,225,63,39,33
1751,2019/2/11 2:12,311,72,45,18
1752,2019/5/27 12:40,350,62,53,20
1753,2019/3/30 20:21,215,64,33,38
1754,2019/6/11 22:45,16,72,44,19
1755,2019/1/26 14:07,377,65,46,24
1756,2019/6/6 8:34,341,62,44,29
1757,2019/5/29 1:08,371,69,38,28
1758,2019/5/4 16:34,242,69,41,25
1759,2018/12/14 5:22,351,75,42,18
1760,2019/3/9 22:05,368,65,49,21
1761,2019/3/29 5:22,297,62,47,26
1762,2019/4/18 21:14,310,69,49,17
1763,2018/12/28 2:29,180,69,36,30
1764,2019/2/8 19:47,360,70,55,10
1765,2019/2/21 8:59,99,60,53,22
1766,2019/4/13 16:54,380,66,42,27
1767,2019/5/8 17:39,393,61,41,33
1768,2019/5/21 19:54,137,64,46,25
1769,2019/5/28 14:43,327,74,41,20
1770,2018/12/26 12:41,390,69,34,32
1771,2019/5/17 14:29,197,70,32,33
1772,2019/2/22 6:34,298,67,30,38
1773,2019/6/1 9:22,204,66,34,35
1774,2019/2/20 10:04,70,69,53,13
1775,2019/4/16 0:11,91,75,38,22
1776,2019/6/22 21:34,109,66,42,27
1777,2019/6/16 14:31,315,75,54,6
1778,2019/2/6 18:29,100,67,32,36
1779,2019/4/3 21:58,193,62,34,39
1780,2019/2/2 17:20,113,73,36,26
1781,2019/4/13 21:19,137,68,60,7
1782,2019/3/13 14:30,324,64,39,32
1783,2019/3/27 11:47,310,70,42,23
1784,2019/3/18 14:23,208,62,44,29
1785,2019/4/19 10:58,63,70,37,28
1786,2019/4/3 11:18,57,71,49,15
1787,2018/12/20 9:22,352,62,41,32
1788,2019/4/6 11:57,16,67,59,9
1789,2019/2/3 21:09,384,75,37,23
1790,2019/6/11 1:24,182,63,43,29
1791,2019/2/21 21:36,363,74,37,24
1792,2018/12/25 2:40,111,73,53,9
1793,2019/6/24 12:19,172,65,36,34
1794,2019/5/11 6:22,328,67,32,36
1795,2019/4/17 1:22,68,68,52,15
1796,2019/6/19 12:34,45,73,52,10
1797,2019/4/5 2:14,211,61,36,38
1798,2019/3/26 1:58,2,64,41,30
1799,2019/4/16 21:36,351,60,52,23
1800,2019/2/24 19:41,239,75,51,9
1801,2019/4/9 12:35,119,66,37,32
1802,2019/4/19 18:04,291,66,32,37
1803,2019/3/25 5:14,359,67,37,31
1804,2019/4/19 9:58,87,70,54,11
1805,2019/6/2 14:15,172,66,32,37
1806,2018/12/23 10:06,284,67,54,14
1807,2019/6/13 17:03,32,71,38,26
1808,2019/3/20 4:15,298,75,38,22
1809,2019/2/16 15:14,24,65,56,14
1810,2019/3/12 8:55,350,73,34,28
1811,2019/3/18 23:48,294,69,38,28
1812,2019/2/22 7:04,345,64,46,25
1813,2019/1/9 4:50,356,74,33,28
1814,2019/5/14 16:00,41,66,48,21
1815,2019/6/8 4:12,309,73,44,18
1816,2019/5/24 21:48,123,61,51,23
1817,2019/3/25 9:42,353,68,37,30
1818,2019/6/15 20:29,221,69,54,12
1819,2019/4/20 4:47,246,75,42,18
1820,2019/4/9 3:45,383,72,55,8
1821,2019/1/23 2:21,283,71,47,17
1822,2018/12/29 13:57,378,61,49,25
1823,2019/4/18 20:55,320,69,37,29
1824,2019/6/23 11:37,84,74,35,26
1825,2018/12/23 23:51,297,71,51,13
1826,2019/1/11 7:19,43,71,35,29
1827,2019/1/17 5:12,105,66,41,28
1828,2018/12/12 14:11,24,73,41,21
1829,2019/6/23 18:27,281,72,51,12
1830,2019/6/4 17:37,307,72,51,12
1831,2019/4/28 18:18,19,62,46,27
1832,2019/2/20 6:13,123,72,40,23
1833,2018/12/23 3:20,44,62,31,42
1834,2019/5/30 3:53,180,70,39,26
1835,2019/4/10 3:42,134,68,42,25
1836,2019/6/2 10:40,237,62,38,35
1837,2019/1/17 23:00,173,61,39,35
1838,2019/2/16 14:14,327,65,38,32
1839,2019/2/21 8:10,144,65,38,32
1840,2019/3/19 6:24,44,75,52,8
1841,2019/3/17 4:08,394,61,39,35
1842,2019/4/5 21:00,184,67,59,9
1843,2019/4/5 23:13,132,70,58,7
1844,2019/6/9 10:44,73,66,42,27
1845,2019/1/1 15:54,143,71,40,24
1846,2019/3/1 22:51,34,60,34,41
1847,2019/5/12 10:59,389,67,60,8
1848,2018/12/21 19:00,155,60,52,23
1849,2019/4/10 22:26,356,64,36,35
1850,2019/6/2 1:47,354,64,43,28
1851,2019/4/7 21:43,181,70,50,15
1852,2019/4/15 3:43,305,70,57,8
1853,2019/5/7 14:50,378,60,32,43
1854,2019/1/30 1:16,252,71,56,8
1855,2019/5/8 7:41,282,65,48,22
1856,2019/1/17 9:30,21,65,59,11
1857,2019/2/4 9:16,208,72,43,20
1858,2019/4/15 15:59,356,73,56,6
1859,2019/5/12 4:20,9,64,50,21
1860,2019/2/25 8:51,42,70,32,33
1861,2019/3/1 20:11,46,74,57,4
1862,2019/2/3 17:21,331,73,47,15
1863,2019/1/19 13:40,17,60,50,25
1864,2019/1/2 21:36,286,64,39,32
1865,2019/2/17 15:26,120,61,56,18
1866,2019/4/25 1:55,108,72,41,22
1867,2019/4/2 16:03,134,71,32,32
1868,2019/5/15 7:38,159,67,46,22
1869,2019/5/9 21:44,101,61,50,24
1870,2019/4/17 18:44,365,64,40,31
1871,2019/6/23 4:50,28,63,46,26
1872,2019/3/19 13:04,328,66,32,37
1873,2019/4/8 14:20,63,65,54,16
1874,2019/6/4 21:46,56,71,31,33
1875,2019/5/11 12:48,238,70,36,29
1876,2019/2/13 10:24,241,75,54,6
1877,2019/1/2 15:43,141,73,52,10
1878,2019/1/4 11:25,53,70,58,7
1879,2018/12/26 12:35,9,67,32,36
1880,2019/2/11 23:39,314,61,47,27
1881,2019/5/31 2:47,110,69,51,15
1882,2019/1/23 12:20,30,74,48,13
1883,2019/4/24 19:18,193,62,45,28
1884,2019/3/25 4:51,203,60,45,30
1885,2019/2/23 9:35,144,73,54,8
1886,2019/4/18 16:32,250,70,50,15
1887,2019/4/11 12:36,320,65,59,11
1888,2019/4/9 4:35,154,68,55,12
1889,2019/3/7 3:44,39,72,53,10
1890,2018/12/22 11:17,380,73,34,28
1891,2019/5/6 23:07,215,72,35,28
1892,2019/6/21 13:00,112,68,59,8
1893,2019/2/5 19:48,246,74,50,11
1894,2018/12/26 15:22,351,61,53,21
1895,2019/3/8 10:45,61,63,46,26
1896,2019/6/17 8:17,42,66,39,30
1897,2019/3/22 3:46,49,69,37,29
1898,2019/5/2 6:19,203,74,33,28
1899,2019/3/14 17:10,212,71,58,6
1900,2019/6/10 23:08,310,64,52,19
1901,2018/12/12 5:19,81,61,33,41
1902,2019/5/2 6:00,235,63,46,26
1903,2019/3/13 15:03,321,67,39,29
1904,2019/2/27 7:19,337,72,39,24
1905,2019/3/8 4:55,216,64,52,19
1906,2019/5/9 13:47,338,71,56,8
1907,2019/1/27 23:32,364,66,56,13
1908,2019/1/31 22:59,96,74,60,1
1909,2018/12/31 18:26,74,72,58,5
1910,2019/5/9 5:29,365,66,49,20
1911,2019/3/23 2:49,382,75,31,29
1912,2019/5/21 17:47,147,62,46,27
1913,2019/5/27 7:23,357,69,51,15
1914,2019/5/12 19:34,346,75,58,2
1915,2018/12/16 22:24,197,70,50,15
1916,2019/3/27 22:54,72,72,39,24
1917,2018/12/22 20:31,362,72,38,25
1918,2019/6/7 17:54,233,66,51,18
1919,2019/3/17 12:03,351,72,40,23
1920,2019/5/1 17:04,318,69,55,11
1921,2019/4/19 22:56,386,73,37,25
1922,2019/5/3 11:56,118,72,38,25
1923,2019/4/22 13:34,109,65,46,24
1924,2019/5/14 12:10,77,61,41,33
1925,2019/5/18 4:57,362,72,43,20
1926,2019/4/11 20:00,183,68,41,26
1927,2019/5/1 14:39,233,71,46,18
1928,2019/5/19 9:40,267,62,51,22
1929,2019/1/25 13:13,338,73,36,26
1930,2019/3/16 19:05,203,71,30,34
1931,2019/5/5 20:09,139,71,59,5
1932,2019/2/16 5:32,175,64,60,11
1933,2019/2/20 11:07,168,75,59,1
1934,2019/4/15 8:27,263,69,48,18
1935,2019/5/25 6:25,282,71,51,13
1936,2019/5/30 23:57,225,70,36,29
1937,2019/6/22 5:38,57,64,43,28
1938,2019/4/13 14:38,8,71,53,11
1939,2018/12/31 15:29,66,66,32,37
1940,2018/12/12 14:46,67,64,49,22
1941,2018/12/31 10:22,3,67,34,34
1942,2019/3/2 23:38,99,74,34,27
1943,2018/12/26 8:56,206,60,51,24
1944,2019/3/10 23:13,144,63,51,21
1945,2019/4/6 8:33,26,75,43,17
1946,2019/3/10 8:17,206,72,30,33
1947,2019/5/22 21:12,140,65,46,24
1948,2019/5/13 4:06,99,68,50,17
1949,2019/1/10 18:46,29,66,45,24
1950,2019/2/11 15:08,166,69,42,24
1951,2019/3/25 13:31,8,71,39,25
1952,2019/5/25 9:15,244,61,39,35
1953,2019/4/24 16:39,269,60,45,30
1954,2019/2/21 15:06,122,63,34,38
1955,2019/1/11 15:59,113,71,53,11
1956,2019/3/5 7:20,384,65,42,28
1957,2019/3/20 2:32,59,70,32,33
1958,2019/2/4 15:42,280,65,58,12
1959,2019/2/17 4:20,301,67,45,23
1960,2019/4/6 20:31,398,73,50,12
1961,2019/1/6 9:50,60,70,36,29
1962,2019/3/26 4:10,132,66,31,38
1963,2018/12/31 9:23,262,70,51,14
1964,2019/5/30 15:30,337,75,36,24
1965,2019/3/15 0:48,194,75,49,11
1966,2019/5/31 6:25,209,68,53,14
1967,2019/4/20 4:24,212,63,43,29
1968,2019/6/26 4:46,198,69,45,21
1969,2019/4/11 22:05,66,70,39,26
1970,2019/2/6 15:40,96,67,57,11
1971,2019/1/16 1:54,141,65,54,16
1972,2019/4/21 16:06,323,66,56,13
1973,2019/2/7 4:13,4,69,42,24
1974,2019/2/26 21:19,374,74,39,22
1975,2019/4/30 23:22,50,67,37,31
1976,2019/3/6 12:19,339,67,32,36
1977,2019/5/4 10:39,117,66,40,29
1978,2018/12/13 20:19,232,63,46,26
1979,2019/3/11 22:31,119,61,42,32
1980,2019/1/10 0:55,68,72,42,21
1981,2019/2/7 13:49,106,63,47,25
1982,2019/5/31 18:34,228,62,41,32
1983,2019/5/19 8:17,332,63,56,16
1984,2019/1/28 8:49,106,72,53,10
1985,2019/1/17 22:28,198,66,54,15
1986,2019/3/15 0:12,363,68,46,21
1987,2019/3/18 13:55,266,74,55,6
1988,2019/1/28 11:24,257,75,33,27
1989,2019/4/16 4:35,301,70,58,7
1990,2019/5/27 13:19,307,61,56,18
1991,2019/6/8 8:37,52,62,55,18
1992,2019/2/25 15:05,37,65,49,21
1993,2019/6/4 14:16,133,71,41,23
1994,2019/4/1 17:40,306,63,37,35
1995,2019/1/4 18:11,97,60,53,22
1996,2019/6/29 13:13,45,62,44,29
1997,2019/6/17 15:38,354,64,32,39
1998,2019/3/12 19:14,185,70,39,26
1999,2019/4/6 18:14,199,70,32,33
2000,2019/5/23 14:44,78,74,53,8
2001,2019/3/28 5:18,77,66,35,34
2002,2019/5/27 5:45,340,68,32,35
2003,2019/3/4 16:48,80,67,38,30
2004,2019/6/14 10:52,155,73,51,11
2005,2019/1/19 2:08,196,75,38,22
2006,2019/4/29 4:23,5,74,55,6
2007,2019/4/7 23:59,311,61,55,19
2008,2018/12/13 6:05,192,72,53,10
2009,2019/3/6 1:42,355,71,59,5
2010,2019/4/14 20:23,228,61,31,43
2011,2019/6/27 21:11,380,66,51,18
2012,2019/3/26 21:46,318,64,33,38
2013,2019/6/10 13:05,14,70,37,28
2014,2019/2/22 13:31,244,73,44,18
2015,2019/1/10 21:07,260,72,37,26
2016,2019/6/12 12:21,121,61,35,39
2017,2019/1/4 0:59,157,62,43,30
2018,2019/6/29 0:53,173,61,58,16
2019,2019/3/25 5:28,343,63,58,14
2020,2019/5/24 13:54,204,74,59,2
2021,2019/4/8 18:04,394,62,35,38
2022,2019/6/2 12:26,114,67,58,10
2023,2019/1/7 6:06,328,66,37,32
2024,2018/12/18 12:59,335,74,47,14
2025,2019/1/27 18:45,49,74,46,15
2026,2019/1/5 11:23,243,62,53,20
2027,2019/2/8 22:17,169,70,57,8
2028,2019/2/2 23:39,390,65,34,36
2029,2019/3/30 6:49,180,72,57,6
2030,2019/3/16 0:54,172,64,37,34
2031,2019/4/29 22:57,285,75,36,24
2032,2019/2/25 9:19,110,71,58,6
2033,2019/2/4 15:03,395,68,36,31
2034,2019/1/28 21:34,231,64,53,18
2035,2019/6/21 8:23,332,74,40,21
2036,2019/5/29 17:09,150,66,34,35
2037,2019/4/22 6:00,393,67,45,23
2038,2019/4/22 4:36,316,74,58,3
2039,2019/1/16 16:59,283,64,35,36
2040,2019/2/25 1:50,306,63,41,31
2041,2019/3/30 19:20,148,62,39,34
2042,2019/3/2 11:18,340,69,37,29
2043,2018/12/29 15:57,307,60,41,34
2044,2019/5/5 1:10,16,62,34,39
2045,2019/4/6 2:07,31,69,44,22
2046,2019/4/18 5:28,336,71,40,24
2047,2019/1/29 23:57,387,65,42,28
2048,2019/1/29 14:38,288,60,33,42
2049,2019/3/26 1:22,125,68,32,35
2050,2019/6/2 5:13,363,71,44,20
2051,2019/5/2 21:26,119,65,55,15
2052,2019/5/28 4:58,229,69,32,34
2053,2019/1/4 21:29,166,71,54,10
2054,2019/3/19 2:42,145,70,41,24
2055,2019/5/11 4:57,351,75,35,25
2056,2018/12/27 18:30,55,68,31,36
2057,2019/3/28 8:21,41,69,33,33
2058,2019/6/15 16:39,221,68,31,36
2059,2019/3/27 0:10,234,69,42,24
2060,2019/3/17 9:46,377,71,52,12
2061,2019/5/30 9:33,373,63,57,15
2062,2019/4/17 7:52,169,73,56,6
2063,2019/1/23 11:44,6,68,38,29
2064,2018/12/18 14:09,221,68,55,12
2065,2019/4/18 5:48,48,62,46,27
2066,2019/3/10 10:18,65,60,41,34
2067,2019/1/26 16:53,135,63,34,38
2068,2019/2/16 8:21,207,62,38,35
2069,2019/6/11 10:16,345,64,52,19
2070,2018/12/15 0:38,308,65,44,26
2071,2019/3/22 8:00,4,65,45,25
2072,2019/3/16 21:44,116,67,37,31
2073,2019/5/4 13:44,265,63,51,21
2074,2019/5/4 10:23,256,72,31,32
2075,2019/3/28 10:56,31,70,37,28
2076,2019/6/1 3:40,348,65,45,25
2077,2019/2/10 16:23,58,71,43,21
2078,2019/5/2 22:10,383,61,32,42
2079,2019/4/24 11:18,192,69,31,35
2080,2019/1/21 9:59,137,74,42,19
2081,2019/3/7 23:43,157,72,43,20
2082,2019/3/9 23:40,318,72,54,9
2083,2019/6/2 22:41,49,71,60,4
2084,2019/4/26 6:05,219,68,41,26
2085,2019/3/28 8:58,243,71,43,21
2086,2019/5/14 17:21,304,63,50,22
2087,2019/6/7 10:32,102,73,38,24
2088,2019/2/22 14:35,34,62,48,25
2089,2019/2/25 7:56,392,74,53,8
2090,2019/5/22 2:31,79,66,34,35
2091,2019/3/17 4:26,172,63,42,30
2092,2019/2/17 6:04,225,69,41,25
2093,2019/4/23 8:29,263,72,53,10
2094,2019/4/15 11:18,156,66,39,30
2095,2019/1/26 5:17,139,67,45,23
2096,2019/4/24 11:46,36,64,44,27
2097,2019/2/18 14:38,198,67,55,13
2098,2019/5/10 19:10,362,71,33,31
2099,2019/6/25 15:20,83,64,31,40
2100,2019/5/26 2:46,343,70,49,16
2101,2019/1/6 22:27,93,72,42,21
2102,2019/2/12 17:28,120,64,41,30
2103,2018/12/12 20:15,231,67,51,17
2104,2018/12/22 3:18,228,72,58,5
2105,2019/1/28 4:17,66,67,54,14
2106,2019/5/26 6:51,126,67,41,27
2107,2019/4/9 13:42,300,71,49,15
2108,2019/4/25 19:55,142,61,33,41
2109,2019/6/6 9:28,250,63,57,15
2110,2019/1/2 10:59,216,71,38,26
2111,2019/4/22 17:19,6,69,38,28
2112,2019/3/3 8:23,256,60,31,44
2113,2019/1/19 7:21,230,64,55,16
2114,2019/2/10 10:33,184,60,54,21
2115,2019/1/16 4:49,41,66,53,16
2116,2019/4/24 9:11,176,66,33,36
2117,2018/12/20 11:36,114,61,43,31
2118,2019/6/23 11:49,207,75,33,27
2119,2019/6/5 13:11,21,70,59,6
2120,2019/1/27 14:51,108,73,43,19
2121,2019/1/4 0:51,331,67,36,32
2122,2019/3/10 7:45,29,65,36,34
2123,2019/3/31 7:15,117,64,36,35
2124,2019/3/30 21:23,218,64,59,12
2125,2019/4/18 14:14,217,62,59,14
2126,2019/3/7 23:12,196,75,38,22
2127,2019/6/1 20:59,286,69,41,25
2128,2019/4/26 20:13,160,63,40,32
2129,2019/2/12 8:08,122,66,31,38
2130,2019/5/3 0:59,312,70,39,26
2131,2019/4/17 5:20,157,73,53,9
2132,2019/3/21 6:04,62,71,56,8
2133,2018/12/17 23:13,295,72,56,7
2134,2019/1/23 9:40,394,69,36,30
2135,2019/3/1 20:14,130,66,41,28
2136,2019/4/26 22:58,356,71,49,15
2137,2019/1/9 17:53,214,62,41,32
2138,2018/12/21 5:57,282,71,52,12
2139,2018/12/28 11:54,207,71,46,18
2140,2019/2/24 8:29,36,66,42,27
2141,2019/1/12 2:24,77,74,43,18
2142,2019/1/17 19:23,389,69,47,19
2143,2019/1/7 22:51,396,74,34,27
2144,2019/4/16 18:31,35,60,46,29
2145,2019/4/6 13:55,103,72,42,21
2146,2019/6/19 0:22,18,66,43,26
2147,2019/1/28 2:18,239,67,37,31
2148,2019/3/23 13:51,19,73,30,32
2149,2018/12/22 11:11,4,73,38,24
2150,2019/5/5 7:52,123,63,54,18
2151,2019/1/12 10:05,334,69,57,9
2152,2019/4/13 20:46,94,75,52,8
2153,2019/1/10 20:11,368,62,57,16
2154,2019/1/26 6:16,120,65,52,18
2155,2019/3/31 3:50,288,73,50,12
2156,2019/1/9 21:42,60,63,51,21
2157,2019/3/11 16:19,238,70,35,30
2158,2019/6/8 9:30,100,75,58,2
2159,2019/3/26 5:00,309,72,32,31
2160,2019/3/25 17:14,50,72,45,18
2161,2019/1/27 14:48,19,63,48,24
2162,2019/1/21 5:35,131,71,49,15
2163,2019/6/18 17:13,55,71,48,16
2164,2019/1/16 1:43,89,74,55,6
2165,2019/6/23 4:48,64,68,48,19
2166,2019/1/3 4:10,328,62,59,14
2167,2019/1/20 3:52,167,74,52,9
2168,2019/6/8 1:28,299,67,47,21
2169,2019/6/29 16:45,97,64,58,13
2170,2019/6/24 14:17,230,72,55,8
2171,2018/12/19 11:40,390,66,59,10
2172,2019/1/24 22:05,66,70,38,27
2173,2019/4/8 22:16,203,66,32,37
2174,2019/4/30 20:31,116,65,42,28
2175,2019/4/4 12:16,175,71,51,13
2176,2019/2/25 8:55,361,73,41,21
2177,2019/6/28 1:51,159,62,48,25
2178,2019/1/12 2:42,143,64,41,30
2179,2019/2/19 17:00,339,67,32,36
2180,2019/4/15 23:46,165,62,32,41
2181,2019/6/10 22:20,223,68,38,29
2182,2019/1/20 23:27,52,72,34,29
2183,2019/1/12 3:20,38,66,36,33
2184,2019/6/2 10:12,30,65,34,36
2185,2019/6/15 0:14,290,60,42,33
2186,2018/12/25 1:49,366,69,47,19
2187,2018/12/24 11:14,58,61,39,35
2188,2019/4/4 13:46,263,61,49,25
2189,2019/6/1 9:52,279,69,33,33
2190,2019/2/26 16:52,83,71,42,22
2191,2019/1/17 18:06,30,73,49,13
2192,2019/1/27 1:00,239,63,39,33
2193,2019/6/7 1:47,306,63,45,27
2194,2019/6/10 9:44,91,61,48,26
2195,2019/1/19 17:04,50,67,53,15
2196,2019/4/11 16:59,379,69,33,33
2197,2019/6/28 3:48,187,70,33,32
2198,2019/2/12 7:13,323,73,39,23
2199,2018/12/16 4:45,198,61,52,22
2200,2018/12/20 16:11,44,67,31,37
2201,2019/4/1 6:51,166,69,41,25
2202,2019/5/18 17:59,146,75,31,29
2203,2019/4/8 3:24,286,65,45,25
2204,2019/4/30 8:12,16,66,33,36
2205,2018/12/20 2:28,284,63,34,38
2206,2019/3/6 19:45,180,61,57,17
2207,2019/3/21 13:01,30,66,49,20
2208,2019/4/20 15:37,40,67,38,30
2209,2019/5/23 17:05,118,62,54,19
2210,2019/3/9 9:09,248,68,43,24
2211,2019/5/28 23:41,320,66,56,13
2212,2019/4/30 2:05,18,60,57,18
2213,2019/1/9 7:54,307,63,56,16
2214,2019/6/27 1:37,99,69,56,10
2215,2019/1/28 17:08,183,60,42,33
2216,2019/6/10 12:42,204,66,44,25
2217,2018/12/13 10:44,45,69,40,26
2218,2019/6/14 1:25,12,75,52,8
2219,2019/6/15 5:30,26,64,32,39
2220,2019/6/29 19:38,76,74,30,31
2221,2019/5/11 1:43,256,73,34,28
2222,2019/5/15 22:39,292,72,44,19
2223,2019/6/21 10:38,169,71,39,25
2224,2019/4/4 0:56,284,71,51,13
2225,2019/5/23 23:28,86,64,32,39
2226,2019/3/28 14:18,3,64,54,17
2227,2019/2/1 18:12,16,70,55,10
2228,2019/2/13 18:39,21,67,34,34
2229,2019/3/13 23:26,336,62,46,27
2230,2019/4/14 17:03,201,73,41,21
2231,2019/1/6 7:26,371,60,49,26
2232,2019/2/16 22:35,109,61,45,29
2233,2019/4/17 7:17,136,71,57,7
2234,2019/4/3 3:57,176,70,35,30
2235,2019/5/2 15:07,308,75,31,29
2236,2019/4/4 9:23,213,67,57,11
2237,2018/12/13 16:52,91,71,48,16
2238,2019/1/14 23:01,53,71,36,28
2239,2019/1/16 16:30,360,63,33,39
2240,2019/4/29 11:57,343,65,34,36
2241,2019/5/30 15:00,228,65,45,25
2242,2018/12/30 15:03,257,66,56,13
2243,2019/5/30 11:19,290,68,36,31
2244,2019/4/17 3:56,167,69,33,33
2245,2018/12/30 11:47,297,63,57,15
2246,2019/6/14 22:26,209,73,52,10
2247,2019/3/26 23:16,347,61,44,30
2248,2019/5/22 20:23,214,69,33,33
2249,2019/6/8 9:35,170,63,46,26
2250,2019/2/21 16:20,13,63,57,15
2251,2019/3/14 23:54,372,72,51,12
2252,2019/5/1 6:18,386,74,36,25
2253,2019/5/19 19:57,225,62,55,18
2254,2019/5/4 20:52,85,70,39,26
2255,2019/3/8 15:57,286,63,38,34
2256,2019/5/17 6:26,248,68,31,36
2257,2019/1/29 10:11,220,73,46,16
2258,2018/12/21 0:40,195,60,46,29
2259,2019/5/15 17:19,228,69,48,18
2260,2019/6/12 10:10,364,69,46,20
2261,2019/1/19 6:19,115,74,52,9
2262,2019/4/5 20:29,205,61,41,33
2263,2019/1/5 12:41,111,69,56,10
2264,2019/4/4 6:22,375,64,44,27
2265,2019/2/28 17:44,384,72,31,32
2266,2019/1/29 10:05,209,65,54,16
2267,2019/1/27 14:34,266,64,35,36
2268,2019/1/13 9:43,232,75,57,3
2269,2019/5/5 9:53,259,65,51,19
2270,2019/6/10 3:59,26,68,47,20
2271,2019/5/16 13:15,203,68,52,15
2272,2019/4/24 19:50,359,65,56,14
2273,2019/1/8 15:09,315,66,55,14
2274,2019/1/5 8:56,216,68,38,29
2275,2019/2/11 3:23,175,71,50,14
2276,2019/5/30 1:53,104,71,46,18
2277,2019/1/26 5:44,255,74,44,17
2278,2019/6/22 22:42,105,61,52,22
2279,2018/12/18 9:16,70,72,43,20
2280,2019/5/9 3:45,166,64,56,15
2281,2019/1/9 12:45,171,71,56,8
2282,2019/6/10 4:57,7,71,52,12
2283,2019/6/27 20:27,362,62,32,41
2284,2018/12/27 2:05,87,61,53,21
2285,2018/12/19 9:17,186,73,37,25
2286,2019/4/25 4:18,40,64,54,17
2287,2019/4/2 9:33,239,66,40,29
2288,2019/4/20 18:47,283,70,51,14
2289,2019/3/3 22:41,152,66,55,14
2290,2019/1/30 11:14,97,70,30,35
2291,2019/3/29 2:49,295,71,47,17
2292,2019/3/10 18:48,84,67,51,17
2293,2019/4/29 22:14,200,61,37,37
2294,2019/3/31 4:46,49,73,57,5
2295,2019/1/20 20:11,241,70,32,33
2296,2019/3/2 0:51,68,66,42,27
2297,2019/3/20 19:24,341,75,39,21
2298,2019/6/4 6:43,31,69,32,34
2299,2019/2/24 18:20,140,69,46,20
2300,2019/1/18 4:56,320,61,55,19
2301,2019/4/28 7:41,93,70,33,32
2302,2019/6/14 16:07,186,72,47,16
2303,2019/1/19 20:37,251,60,48,27
2304,2019/4/25 14:51,132,68,57,10
2305,2019/5/7 21:53,338,70,38,27
2306,2019/2/9 0:48,151,60,45,30
2307,2019/2/18 1:33,339,62,48,25
2308,2019/6/21 3:43,214,64,42,29
2309,2019/4/30 13:54,5,67,41,27
2310,2019/5/1 19:53,50,75,44,16
2311,2019/6/12 13:03,216,60,32,43
2312,2019/3/26 6:30,321,74,35,26
2313,2019/6/15 1:59,179,64,60,11
2314,2019/6/13 0:07,365,68,41,26
2315,2019/3/31 0:15,83,70,56,9
2316,2018/12/13 2:35,321,68,35,32
2317,2019/5/22 9:58,322,68,54,13
2318,2018/12/27 21:51,333,69,30,36
2319,2019/1/29 2:26,331,65,43,27
2320,2019/2/25 8:35,119,64,47,24
2321,2019/4/28 8:41,388,63,50,22
2322,2019/6/12 22:22,376,65,41,29
2323,2019/5/24 12:48,375,63,51,21
2324,2019/3/15 3:19,356,67,54,14
2325,2019/5/17 1:08,340,65,49,21
2326,2018/12/13 12:06,170,74,44,17
2327,2019/4/27 5:15,292,74,58,3
2328,2019/1/21 2:31,23,67,35,33
2329,2019/4/30 10:10,325,60,46,29
2330,2019/4/13 20:38,219,63,57,15
2331,2019/1/19 15:42,210,67,56,12
2332,2019/3/3 7:44,13,65,43,27
2333,2019/4/7 8:11,277,67,40,28
2334,2019/3/13 22:48,330,71,43,21
2335,2019/2/13 18:25,117,67,51,17
2336,2019/1/2 11:42,310,68,51,16
2337,2019/2/16 15:37,285,65,41,29
2338,2019/1/18 21:54,290,65,34,36
2339,2019/1/29 3:00,245,62,39,34
2340,2019/6/12 9:46,115,62,55,18
2341,2019/1/20 2:17,328,72,56,7
2342,2018/12/13 21:32,124,60,30,45
2343,2018/12/25 20:38,380,64,38,33
2344,2019/4/6 15:27,349,63,38,34
2345,2019/2/24 11:39,381,69,49,17
2346,2019/4/20 23:35,63,64,43,28
2347,2018/12/12 12:05,129,68,36,31
2348,2019/6/25 15:42,24,65,32,38
2349,2018/12/24 7:49,310,68,48,19
2350,2019/4/28 3:11,80,64,36,35
2351,2019/2/20 2:42,266,62,50,23
2352,2019/4/12 12:42,79,61,33,41
2353,2019/2/21 9:30,52,62,35,38
2354,2019/3/6 21:48,259,65,40,30
2355,2019/2/13 2:46,115,73,58,4
2356,2019/3/2 3:00,87,62,54,19
2357,2018/12/16 22:36,319,73,32,30
2358,2019/2/12 5:07,64,65,54,16
2359,2019/2/7 3:31,384,71,39,25
2360,2019/5/6 4:22,211,63,49,23
2361,2019/3/5 6:35,384,71,32,32
2362,2018/12/24 15:02,136,66,56,13
2363,2019/5/19 18:29,175,71,36,28
2364,2019/5/10 20:39,318,66,53,16
2365,2019/3/22 6:48,358,66,59,10
2366,2019/1/24 2:31,322,63,49,23
2367,2019/2/6 6:11,140,69,57,9
2368,2019/3/15 0:14,73,63,43,29
2369,2019/5/26 18:07,13,67,41,27
2370,2018/12/18 18:54,159,70,46,19
2371,2019/5/25 17:16,370,63,37,35
2372,2019/6/27 1:04,71,65,39,31
2373,2019/2/2 8:00,246,70,34,31
2374,2019/1/19 18:51,108,69,51,15
2375,2019/1/28 9:03,364,65,41,29
2376,2019/6/24 1:41,142,66,50,19
2377,2019/5/9 18:23,185,71,58,6
2378,2019/4/19 4:06,331,64,49,22
2379,2019/2/24 2:03,353,74,33,28
2380,2019/6/6 14:09,351,71,43,21
2381,2019/2/17 3:52,277,61,45,29
2382,2019/1/13 19:41,126,69,45,21
2383,2019/1/14 17:27,129,64,43,28
2384,2019/1/27 16:40,173,70,41,24
2385,2019/1/6 17:42,398,64,54,17
2386,2019/5/9 2:16,355,72,59,4
2387,2019/3/13 13:34,228,68,45,22
2388,2019/1/15 9:17,13,63,39,33
2389,2019/6/4 6:47,71,61,35,39
2390,2019/5/16 0:57,246,63,59,13
2391,2019/5/26 2:16,373,68,42,25
2392,2019/2/9 22:56,56,66,32,37
2393,2019/1/31 16:00,130,71,55,9
2394,2018/12/17 4:33,279,75,32,28
2395,2019/2/12 23:41,371,68,47,20
2396,2019/5/1 16:45,212,67,35,33
2397,2019/1/25 23:52,66,64,56,15
2398,2019/2/5 17:42,365,63,34,38
2399,2019/1/13 23:32,355,63,41,31
2400,2019/4/12 21:30,41,74,54,7
2401,2019/5/10 13:41,175,72,58,5
2402,2019/1/22 7:25,74,71,38,26
2403,2018/12/19 9:54,101,62,34,39
2404,2019/6/25 11:18,174,69,35,31
2405,2019/2/16 23:00,87,65,45,25
2406,2019/3/7 23:23,187,69,33,33
2407,2019/6/25 17:51,280,60,31,44
2408,2019/1/17 18:55,221,71,60,4
2409,2019/3/8 18:41,361,69,47,19
2410,2019/2/4 3:47,26,68,41,26
2411,2019/4/27 6:21,28,69,50,16
2412,2019/6/9 20:01,4,73,60,2
2413,2018/12/24 13:22,13,66,53,16
2414,2019/1/27 16:12,321,61,31,43
2415,2019/4/7 23:20,207,67,56,12
2416,2019/4/18 5:54,68,75,38,22
2417,2019/1/21 1:17,152,61,32,42
2418,2019/3/28 16:56,198,63,39,33
2419,2019/3/1 7:13,302,75,52,8
2420,2018/12/18 11:09,56,71,40,24
2421,2019/1/14 16:42,195,74,40,21
2422,2019/3/16 14:26,295,66,35,34
2423,2019/6/13 18:41,269,68,57,10
2424,2019/1/27 5:57,218,61,53,21
2425,2019/5/13 3:43,250,63,55,17
2426,2019/1/24 16:51,160,64,45,26
2427,2018/12/17 9:42,223,65,50,20
2428,2019/2/20 9:47,165,63,59,13
2429,2019/1/1 1:07,216,63,43,29
2430,2019/5/19 23:27,15,63,58,14
2431,2019/6/4 17:47,283,74,41,20
2432,2019/3/27 3:23,380,73,60,2
2433,2019/3/6 16:20,6,71,59,5
2434,2019/4/8 17:23,371,72,45,18
2435,2019/3/21 8:16,120,65,50,20
2436,2019/4/29 13:40,338,63,39,33
2437,2019/4/18 19:02,398,62,54,19
2438,2019/2/15 21:57,386,64,55,16
2439,2019/5/15 0:44,156,62,41,32
2440,2018/12/17 18:27,190,75,51,9
2441,2019/1/11 21:39,112,61,50,24
2442,2019/6/24 8:02,104,69,49,17
2443,2019/2/4 0:29,81,72,49,14
2444,2019/1/11 19:33,141,71,38,26
2445,2019/6/1 11:39,83,71,38,26
2446,2019/2/4 18:02,368,62,34,39
2447,2019/3/17 3:25,175,63,52,20
2448,2019/3/8 0:29,108,65,33,37
2449,2019/5/26 6:21,25,63,34,38
2450,2018/12/20 0:44,305,75,31,29
2451,2019/4/11 10:31,35,65,48,22
2452,2019/3/30 23:07,6,65,53,17
2453,2019/2/9 6:06,307,62,54,19
2454,2019/6/5 13:00,178,63,53,19
2455,2019/6/18 0:00,253,71,58,6
2456,2019/5/13 12:34,80,70,38,27
2457,2019/5/24 9:06,244,69,46,20
2458,2018/12/22 15:51,32,62,30,43
2459,2019/2/5 5:20,279,62,56,17
2460,2019/4/7 9:55,245,64,57,14
2461,2019/2/9 1:47,318,60,58,17
2462,2019/2/13 18:47,252,61,51,23
2463,2019/2/12 16:28,82,74,49,12
2464,2019/1/2 14:02,398,73,41,21
2465,2019/4/22 6:10,5,64,57,14
2466,2019/1/26 14:36,241,67,35,33
2467,2018/12/24 0:37,69,74,42,19
2468,2019/5/23 10:11,33,74,31,30
2469,2018/12/24 9:56,31,63,39,33
2470,2019/4/8 4:47,97,66,49,20
2471,2019/5/13 22:01,143,72,37,26
2472,2019/6/21 8:26,147,68,58,9
2473,2019/1/1 3:52,27,62,43,30
2474,2019/3/6 1:02,127,64,43,28
2475,2019/6/13 2:34,218,61,57,17
2476,2019/6/11 19:32,116,66,31,38
2477,2019/1/5 22:13,356,61,36,38
2478,2019/5/17 18:38,295,64,55,16
2479,2018/12/31 3:50,94,66,50,19
2480,2019/3/22 14:35,376,69,45,21
2481,2019/3/7 8:22,260,70,58,7
2482,2019/5/25 16:33,63,60,44,31
2483,2019/2/19 2:00,27,60,32,43
2484,2019/3/7 18:35,33,69,56,10
2485,2019/4/5 8:01,156,61,40,34
2486,2019/3/12 10:09,119,62,55,18
2487,2019/5/9 13:55,363,68,51,16
2488,2019/1/7 19:01,384,63,53,19
2489,2019/5/9 2:20,103,72,55,8
2490,2019/4/13 4:29,226,66,55,14
2491,2019/3/15 22:24,328,72,58,5
2492,2019/5/31 5:56,266,62,32,41
2493,2019/1/22 23:23,118,74,48,13
2494,2019/3/13 5:18,235,70,31,34
2495,2019/3/5 22:33,334,72,53,10
2496,2019/4/12 8:18,221,68,40,27
2497,2019/6/23 1:47,316,74,54,7
2498,2018/12/29 19:56,250,75,38,22
2499,2019/6/19 22:11,390,65,39,31
2500,2018/12/23 16:38,272,71,35,29
2501,2019/6/22 0:06,136,63,54,18
2502,2019/2/1 0:31,367,72,38,25
2503,2019/2/21 2:02,106,63,52,20
2504,2019/1/6 10:24,357,62,43,30
2505,2018/12/17 23:25,150,68,38,29
2506,2018/12/21 8:38,17,63,50,22
2507,2019/5/8 19:55,16,62,41,32
2508,2019/4/16 6:00,313,61,53,21
2509,2019/1/6 7:46,230,74,35,26
2510,2019/6/10 14:11,303,71,43,21
2511,2019/6/4 8:42,369,61,35,39
2512,2018/12/16 9:27,123,67,34,34
2513,2019/5/30 5:50,214,62,51,22
2514,2019/2/14 23:54,68,68,34,33
2515,2019/6/2 16:44,305,75,50,10
2516,2019/6/21 8:51,22,64,37,34
2517,2019/5/21 7:21,64,71,51,13
2518,2019/1/1 11:23,105,61,35,39
2519,2019/1/22 2:56,254,71,56,8
2520,2019/2/18 5:37,72,65,51,19
2521,2019/6/8 11:20,339,62,59,14
2522,2019/3/5 21:19,226,69,31,35
2523,2019/5/14 3:45,127,64,42,29
2524,2019/4/21 14:16,171,61,39,35
2525,2019/3/5 1:57,265,68,35,32
2526,2019/2/17 0:09,301,65,34,36
2527,2019/2/14 6:52,391,62,37,36
2528,2019/2/16 2:46,267,61,37,37
2529,2019/5/2 20:37,392,66,30,39
2530,2019/1/31 20:33,219,70,54,11
2531,2019/6/27 5:23,288,61,53,21
2532,2019/2/25 8:33,31,70,35,30
2533,2019/2/1 22:00,373,69,33,33
2534,2019/1/11 0:23,71,73,48,14
2535,2019/5/12 8:20,182,61,53,21
2536,2019/4/30 17:56,259,68,51,16
2537,2019/6/10 19:15,241,62,38,35
2538,2019/5/1 15:01,379,70,57,8
2539,2019/4/2 1:17,29,73,54,8
2540,2019/6/24 7:01,79,74,56,5
2541,2019/5/26 4:42,301,74,37,24
2542,2019/3/5 9:27,61,65,43,27
2543,2019/1/29 11:25,364,71,54,10
2544,2018/12/27 11:54,71,68,38,29
2545,2019/2/5 17:06,85,62,57,16
2546,2019/6/22 2:55,314,75,35,25
2547,2019/5/23 20:47,214,61,37,37
2548,2019/3/14 5:25,127,65,32,38
2549,2019/6/18 10:10,24,62,57,16
2550,2019/6/23 18:22,90,63,57,15
2551,2019/6/22 16:25,259,73,36,26
2552,2019/3/6 7:23,325,72,48,15
2553,2019/3/3 17:17,83,70,40,25
2554,2018/12/28 1:44,145,74,33,28
2555,2019/4/7 5:29,181,71,57,7
2556,2019/2/3 9:19,102,62,38,35
2557,2019/1/12 0:37,200,63,59,13
2558,2019/6/22 16:39,54,68,47,20
2559,2019/2/27 6:08,26,69,55,11
2560,2019/3/10 18:39,142,66,31,38
2561,2019/1/20 5:20,111,69,34,32
2562,2019/3/6 6:28,385,62,31,42
2563,2018/12/14 14:42,113,71,50,14
2564,2019/1/13 19:50,26,60,50,25
2565,2019/5/29 5:26,379,69,45,21
2566,2019/2/16 10:03,86,69,34,32
2567,2019/3/6 13:56,211,71,35,29
2568,2019/4/27 9:36,135,71,57,7
2569,2019/5/22 0:38,228,71,43,21
2570,2019/1/8 7:18,395,72,45,18
2571,2019/6/14 9:57,345,63,43,29
2572,2019/2/1 23:33,289,69,33,33
2573,2019/1/11 11:12,317,69,34,32
2574,2019/5/25 11:14,111,68,39,28
2575,2019/4/11 13:06,50,67,34,34
2576,2019/6/15 3:26,282,71,52,12
2577,2019/2/23 13:52,210,74,57,4
2578,2019/1/15 5:39,290,72,53,10
2579,2018/12/21 8:54,113,70,59,6
2580,2019/4/28 12:08,96,72,31,32
2581,2019/3/16 15:32,15,64,49,22
2582,2019/5/12 13:28,163,73,56,6
2583,2019/5/10 8:53,145,63,56,16
2584,2019/6/21 18:56,327,62,53,20
2585,2019/4/16 13:02,182,70,39,26
2586,2019/3/23 21:24,165,69,34,32
2587,2019/3/7 1:18,289,61,54,20
2588,2019/4/3 0:51,88,68,59,8
2589,2019/3/11 21:29,399,71,39,25
2590,2019/4/24 5:27,394,63,50,22
2591,2019/1/21 21:09,91,67,42,26
2592,2019/5/16 7:17,333,65,36,34
2593,2019/2/5 22:20,86,64,44,27
2594,2019/3/18 11:54,85,67,48,20
2595,2019/4/10 6:34,139,64,35,36
2596,2019/6/1 23:44,249,68,46,21
2597,2019/1/18 20:22,90,74,47,14
2598,2019/5/5 1:36,293,62,42,31
2599,2019/3/24 0:08,13,72,53,10
2600,2019/4/20 0:45,35,74,55,6
2601,2019/4/4 1:45,36,66,41,28
2602,2019/1/1 18:54,332,64,42,29
2603,2018/12/24 18:12,209,72,41,22
2604,2019/6/5 22:28,107,71,34,30
2605,2018/12/14 22:49,345,66,36,33
2606,2019/1/26 20:57,206,71,36,28
2607,2019/4/20 17:49,78,61,50,24
2608,2019/4/21 6:34,179,61,57,17
2609,2019/6/21 4:42,42,74,34,27
2610,2019/1/23 3:49,199,72,51,12
2611,2018/12/14 21:22,293,65,43,27
2612,2018/12/17 21:42,349,64,57,14
2613,2019/3/27 9:33,52,71,30,34
2614,2019/6/29 23:35,274,69,32,34
2615,2018/12/15 15:43,266,69,34,32
2616,2019/1/13 18:20,357,74,35,26
2617,2019/6/19 23:15,159,72,58,5
2618,2019/6/10 12:38,136,63,32,40
2619,2019/3/3 22:56,189,75,55,5
2620,2019/4/18 1:46,7,64,34,37
2621,2019/2/28 12:38,191,66,52,17
2622,2019/5/4 16:37,107,68,50,17
2623,2019/1/30 10:54,92,61,53,21
2624,2019/1/19 22:13,168,70,43,22
2625,2019/6/29 15:40,174,67,48,20
2626,2019/6/28 17:11,167,67,54,14
2627,2019/2/11 13:09,370,72,46,17
2628,2019/6/28 7:40,162,74,39,22
2629,2018/12/30 11:48,261,65,36,34
2630,2019/2/9 0:37,281,60,45,30
2631,2019/4/2 18:15,21,29,33,73
2632,2018/12/13 6:23,128,4,42,89
2633,2018/12/20 11:07,103,15,61,59
2634,2019/6/2 5:11,383,63,13,59
2635,2018/12/24 14:29,249,38,51,46
2636,2019/3/3 2:51,235,33,48,54
2637,2019/1/10 18:07,221,48,51,36
2638,2019/6/20 11:00,321,35,44,56
2639,2019/1/5 9:40,246,32,30,73
2640,2019/5/28 20:57,340,25,64,46
2641,2019/6/8 22:24,375,12,57,66
2642,2019/3/15 13:45,59,41,63,31
2643,2019/4/22 22:51,312,27,9,99
2644,2019/5/13 9:11,367,52,19,64
2645,2018/12/23 19:10,197,27,32,76
2646,2019/3/7 22:59,334,7,17,111
2647,2019/5/26 15:56,143,63,55,17
2648,2019/4/24 0:44,230,41,53,41
2649,2019/1/19 18:29,316,61,62,12
2650,2019/4/14 16:34,233,55,44,36
2651,2019/5/15 6:14,264,37,20,78
2652,2019/4/9 21:24,188,68,20,47
2653,2019/2/16 12:53,239,12,40,83
2654,2019/6/10 23:13,98,39,57,39
2655,2019/6/25 17:58,168,4,44,87
2656,2019/5/3 4:49,20,49,17,69
2657,2019/2/6 4:59,224,53,35,47
2658,2019/6/9 2:22,9,59,31,45
2659,2019/1/21 22:48,277,61,46,28
2660,2019/5/12 18:06,231,36,5,94
2661,2019/5/22 5:37,51,47,36,52
2662,2019/5/22 6:55,149,24,40,71
2663,2018/12/30 5:04,112,58,6,71
2664,2019/2/28 10:38,386,42,41,52
2665,2019/4/21 3:06,112,68,35,32
2666,2019/3/16 5:03,229,24,30,81
2667,2019/1/28 7:06,245,54,59,22
2668,2019/2/1 0:21,4,47,55,33
2669,2019/5/20 17:00,181,11,38,86
2670,2018/12/29 8:20,32,66,31,38
2671,2019/5/23 21:39,88,49,31,55
2672,2019/5/4 4:20,228,22,8,105
2673,2019/1/3 7:53,34,67,38,30
2674,2019/1/21 16:39,372,58,56,21
2675,2019/4/10 9:28,135,41,15,79
2676,2019/3/11 1:41,393,56,47,32
2677,2018/12/28 23:19,37,4,7,124
2678,2019/3/30 10:13,216,49,37,49
2679,2019/1/23 4:54,278,38,19,78
2680,2019/4/8 12:45,358,7,45,83
2681,2018/12/13 1:23,324,10,60,65
2682,2018/12/25 16:44,273,22,22,91
2683,2019/1/16 12:58,50,65,50,20
2684,2019/6/15 4:31,57,22,42,71
2685,2019/5/17 3:03,140,29,19,87
2686,2019/2/20 16:30,9,19,6,110
2687,2019/4/10 2:52,246,11,30,94
2688,2019/5/6 1:47,129,36,44,55
2689,2019/6/18 3:37,394,19,1,115
2690,2019/6/26 23:40,308,20,3,112
2691,2019/1/11 21:55,138,54,36,45
2692,2019/6/9 6:09,97,50,33,52
2693,2019/1/14 0:55,131,58,52,25
2694,2018/12/13 16:04,78,15,15,105
2695,2019/6/23 12:41,184,35,37,63
2696,2019/1/18 1:49,320,16,4,115
2697,2019/1/27 13:35,304,11,46,78
2698,2019/5/24 0:01,110,23,61,51
2699,2019/5/8 20:17,250,28,4,103
2700,2019/2/5 7:16,143,1,21,113
2701,2019/6/15 1:21,377,24,38,73
2702,2019/2/6 0:03,38,1,60,74
2703,2018/12/16 23:55,114,21,40,74
2704,2019/3/8 12:31,214,22,60,53
2705,2019/4/28 16:18,48,52,23,60
2706,2019/2/10 14:16,12,19,39,77
2707,2019/4/6 2:40,83,46,62,27
2708,2019/5/8 15:06,102,50,25,60
2709,2019/1/9 15:40,308,25,39,71
2710,2019/4/6 16:21,214,11,48,76
2711,2019/6/9 2:40,296,45,60,30
2712,2019/4/10 15:00,69,45,39,51
2713,2019/6/21 17:58,193,11,1,123
2714,2019/1/30 17:07,355,39,45,51
2715,2018/12/25 2:59,9,31,9,95
2716,2019/6/21 8:28,61,1,14,120
2717,2019/4/28 9:48,244,60,47,28
2718,2019/4/6 16:04,19,44,24,67
2719,2019/3/2 21:16,11,57,21,57
2720,2019/3/26 9:57,85,38,37,60
2721,2019/5/9 1:24,150,48,15,72
2722,2019/1/24 12:56,328,9,4,122
2723,2019/5/24 14:37,134,5,30,100
2724,2019/2/28 6:06,264,41,55,39
2725,2018/12/23 14:41,329,59,38,38
2726,2018/12/30 14:01,201,65,34,36
2727,2019/4/25 3:52,45,39,49,47
2728,2019/3/7 10:56,90,42,56,37
2729,2019/2/28 5:32,59,64,57,14
2730,2019/5/10 4:25,282,50,59,26
2731,2019/2/24 7:15,131,23,9,103
2732,2018/12/15 19:04,111,50,58,27
2733,2019/4/14 13:49,369,56,44,35
2734,2019/4/4 2:44,11,14,62,59
2735,2019/3/4 4:27,23,46,28,61
2736,2019/2/16 15:48,128,4,26,105
2737,2019/6/6 3:17,249,18,30,87
2738,2019/5/1 23:22,273,12,55,68
2739,2019/6/24 20:49,77,8,20,107
2740,2019/3/16 10:50,55,43,46,46
2741,2019/5/7 23:15,224,67,62,6
2742,2019/5/18 22:48,19,14,20,101
2743,2018/12/29 8:55,45,44,5,86
2744,2019/1/12 7:05,121,5,56,74
2745,2018/12/28 0:05,111,62,55,18
2746,2019/6/23 20:59,297,70,58,7
2747,2018/12/17 3:07,257,3,63,69
2748,2019/4/10 8:57,80,34,25,76
2749,2019/5/7 7:56,327,30,5,100
2750,2019/1/20 9:58,131,27,46,62
2751,2019/6/18 11:22,150,31,54,50
2752,2019/1/3 4:58,119,41,30,64
2753,2019/4/16 6:57,346,39,36,60
2754,2019/3/4 19:39,291,69,35,31
2755,2019/3/29 13:21,335,13,39,83
2756,2018/12/18 7:50,365,69,15,51
2757,2019/4/2 20:34,126,3,1,131
2758,2019/5/31 9:33,234,68,28,39
2759,2019/2/21 20:41,379,39,38,58
2760,2019/3/2 0:51,185,7,15,113
2761,2019/3/17 10:18,208,23,36,76
2762,2019/5/16 20:27,135,46,12,77
2763,2019/5/7 12:31,76,66,53,16
2764,2019/5/8 0:45,261,48,5,82
2765,2018/12/30 9:58,152,35,6,94
2766,2019/4/25 4:25,139,30,54,51
2767,2019/1/9 7:34,266,53,23,59
2768,2019/5/3 5:52,174,48,15,72
2769,2019/1/26 18:06,154,34,46,55
2770,2019/2/11 4:23,18,63,40,32
2771,2019/4/2 12:48,296,3,57,75
2772,2019/6/6 8:15,366,12,49,74
2773,2018/12/24 16:27,166,37,27,71
2774,2019/5/7 23:27,287,53,30,52
2775,2019/1/1 23:06,272,29,5,101
2776,2019/3/5 3:54,77,62,65,8
2777,2019/5/17 12:18,360,46,32,57
2778,2019/2/19 15:06,201,26,49,60
2779,2018/12/31 12:58,260,24,10,101
2780,2019/5/27 21:52,384,6,34,95
2781,2019/1/13 15:03,271,31,58,46
2782,2019/1/30 7:17,105,2,11,122
2783,2019/3/12 3:01,38,64,53,18
2784,2019/3/21 13:51,289,57,33,45
2785,2019/5/9 23:12,49,20,3,112
2786,2019/4/10 18:12,140,17,47,71
2787,2019/1/13 23:08,117,0,41,94
2788,2018/12/24 11:39,391,44,12,79
2789,2019/4/17 6:18,152,11,38,86
2790,2019/2/28 6:04,44,49,7,79
2791,2019/2/12 18:29,67,0,47,88
2792,2019/5/5 15:31,192,33,40,62
2793,2019/1/25 22:30,282,43,3,89
2794,2019/2/23 9:33,235,10,17,108
2795,2019/5/17 13:44,239,60,44,31
2796,2018/12/13 15:11,352,54,52,29
2797,2019/4/1 14:16,167,16,35,84
2798,2019/6/29 23:48,9,45,45,45
2799,2019/2/11 3:25,371,51,43,41
2800,2019/3/29 3:19,46,10,18,107
2801,2019/6/5 8:58,67,33,20,82
2802,2019/4/22 13:02,374,3,5,127
2803,2019/3/23 7:42,169,12,17,106
2804,2019/4/23 4:48,266,14,49,72
2805,2019/1/22 13:31,143,12,36,87
2806,2019/6/21 22:29,244,46,50,39
2807,2018/12/29 3:55,222,47,62,26
2808,2019/5/12 4:37,176,57,56,22
2809,2019/5/20 3:59,387,62,57,16
2810,2019/2/25 15:17,223,11,23,101
2811,2018/12/31 23:56,44,32,15,88
2812,2019/1/22 22:41,194,38,35,62
2813,2019/4/24 6:33,398,41,41,53
2814,2019/4/8 20:41,117,58,50,27
2815,2019/5/11 10:03,387,24,25,86
2816,2019/5/3 18:17,282,43,19,73
2817,2019/2/26 15:19,180,52,37,46
2818,2019/1/27 3:38,127,64,57,14
2819,2019/2/12 0:25,300,60,6,69
2820,2018/12/23 1:48,64,66,44,25
2821,2019/1/5 9:16,5,51,57,27
2822,2019/2/25 2:39,351,2,7,126
2823,2019/2/7 11:03,202,37,16,82
2824,2019/5/18 18:21,345,28,41,66
2825,2018/12/29 22:59,227,16,31,88
2826,2019/2/25 5:11,295,26,42,67
2827,2019/1/18 11:44,235,27,53,55
2828,2018/12/29 13:35,39,63,36,36
2829,2019/1/4 1:24,389,4,31,100
2830,2019/1/5 15:58,67,16,2,117
2831,2019/6/3 11:52,386,33,18,84
2832,2019/3/5 21:49,383,52,32,51
2833,2019/6/12 4:14,171,36,6,93
2834,2019/4/22 22:46,103,44,51,40
2835,2019/3/30 10:39,41,68,6,61
2836,2019/5/5 21:43,97,53,61,21
2837,2019/4/12 19:31,128,24,37,74
2838,2019/5/18 20:31,138,28,29,78
2839,2019/6/11 22:04,237,61,60,14
2840,2019/1/22 6:54,110,43,61,31
2841,2019/6/10 18:05,21,23,38,74
2842,2019/6/13 22:32,130,25,61,49
2843,2019/4/15 20:45,291,22,46,67
2844,2019/4/11 18:39,66,29,16,90
2845,2019/2/1 2:30,378,63,59,13
2846,2018/12/15 19:33,233,14,1,120
2847,2018/12/28 11:26,299,6,19,110
2848,2019/3/25 17:43,2,57,21,57
2849,2019/2/24 8:25,20,59,38,38
2850,2019/3/31 2:19,29,6,44,85
2851,2019/3/5 7:55,228,26,24,85
2852,2019/4/22 7:56,78,54,15,66
2853,2019/1/28 2:31,30,9,23,103
2854,2019/5/14 21:31,189,3,15,117
2855,2018/12/16 15:16,114,46,49,40
2856,2019/6/8 8:53,103,60,29,46
2857,2019/5/10 14:44,397,23,10,102
2858,2019/3/24 8:55,130,34,45,56
2859,2019/6/24 19:04,208,32,15,88
2860,2018/12/20 21:56,318,51,35,49
2861,2019/4/24 17:58,28,45,55,35
2862,2019/4/11 20:20,389,34,62,39
2863,2019/6/3 9:39,262,37,32,66
2864,2019/2/5 1:22,68,56,28,51
2865,2018/12/26 18:57,214,68,18,49
2866,2019/6/25 7:47,363,9,38,88
2867,2019/6/11 9:42,352,60,52,23
2868,2019/6/16 17:31,114,51,0,84
2869,2019/3/23 3:00,204,4,23,108
2870,2019/2/22 4:58,241,68,9,58
2871,2019/4/15 12:54,142,9,61,65
2872,2019/3/3 15:07,121,48,44,43
2873,2018/12/14 22:57,140,64,6,65
2874,2019/1/10 13:27,179,42,4,89
2875,2019/6/7 9:41,298,4,46,85
2876,2019/3/16 2:33,233,64,25,46
2877,2019/1/6 6:50,298,57,40,38
2878,2019/3/8 21:51,249,50,32,53
2879,2019/3/2 17:39,227,41,49,45
2880,2018/12/16 1:53,152,11,36,88
2881,2019/1/12 19:59,109,15,31,89
2882,2019/4/12 23:45,373,57,19,59
2883,2019/1/18 11:12,277,15,62,58
2884,2019/6/24 12:15,30,7,53,75
2885,2019/5/22 18:36,387,66,63,6
2886,2019/2/22 6:53,152,22,42,71
2887,2018/12/29 2:31,265,5,23,107
2888,2019/6/28 11:53,330,21,13,101
2889,2019/6/15 11:57,339,56,46,33
